,No,Id,Type,Secteur,Largeur,Hauteur,Soudure,Peinture,Finition,Setup,Finition_Long,Palette
0,C-3312-1001-A1,1001,Mur,1,43.0,114.0,40,3.5185185185185186,15,0,0,1
1,C-3312-1002-A1,1002,Mur,1,43.0,114.0,70,3.5185185185185186,35,0,0,1
2,C-3312-1003-A1,1003,Mur,1,43.0,114.0,105,3.5185185185185186,50,0,0,1
3,C-3312-1004-A1,1004,Mur,1,49.5,114.0,85,3.5185185185185186,30,0,0,1
4,C-3312-1007-A1,1007,Mur,1,32.5,110.0,25,3.3950617283950617,5,0,0,1
5,C-3312-1010-A1,1010,Mur,1,43.0,114.0,45,3.5185185185185186,10,0,0,1
130,C-3312-1011-A1,1011,Mur,2,43.0,114.0,60,3.5185185185185186,20,0,0,1
131,C-3312-1012-A1,1012,Mur,2,43.0,114.0,25,3.5185185185185186,5,0,0,2
132,C-3312-1013-A49,1013,Retour,2,43.0,114.0,100,3.5185185185185186,5,0,0,2
133,C-3312-1014-A1,1014,Mur,2,47.0625,114.0,20,3.5185185185185186,5,0,0,2
134,C-3312-1015-A1,1015,Mur,2,15.0625,114.0,85,3.5185185185185186,45,0,0,2
135,C-3312-1016-A1,1016,Mur,2,12.0,114.0,70,3.5185185185185186,35,0,0,2
136,C-3312-1018-A1,1018,Mur,2,30.1875,114.0,130,3.5185185185185186,75,0,0,2
137,C-3312-1019-A1,1019,Mur,2,37.9375,109.75,110,3.3873456790123457,25,0,0,2
138,C-3312-1022-A1,1022,Mur,2,52.625,114.0,80,3.5185185185185186,30,0,0,3
139,C-3312-1023-A49,1023,Retour,2,43.0,114.0,100,3.5185185185185186,5,0,0,3
140,C-3312-1024-A49,1024,Retour,2,43.0,114.0,100,3.5185185185185186,5,0,0,3
141,C-3312-1026-A1,1026,Mur,2,43.0,114.0,155,3.5185185185185186,85,0,0,3
142,C-3312-1029-A1,1029,Mur,2,43.0,114.0,25,3.5185185185185186,5,0,0,3
276,C-3312-1032-A1,1032,Mur,4,11.375,114.0,85,3.5185185185185186,45,0,0,3
277,C-3312-1034-A49,1034,Retour,4,43.0,114.0,100,3.5185185185185186,5,0,0,3
278,C-3312-1036-A1,1036,Mur,4,43.0,114.0,45,3.5185185185185186,15,0,0,4
435,C-3312-1041-A1,1041,Mur,6,43.0,114.0,155,3.5185185185185186,85,0,0,4
436,C-3312-1042-A49,1042,Retour,6,43.0,114.0,100,3.5185185185185186,5,0,0,4
437,C-3312-1043-A49,1043,Retour,6,43.0,114.0,100,3.5185185185185186,5,0,0,4
438,C-3312-1044-A1,1044,Mur,6,48.5625,114.0,75,3.5185185185185186,30,0,0,4
440,C-3312-1048-A49,1048,Retour,6,43.0,114.0,100,3.5185185185185186,5,0,0,4
439,C-3312-1048-A1,1048,Mur,6,13.9375,114.0,40,3.5185185185185186,15,0,0,4
441,C-3312-1050-A1,1050,Mur,6,17.0625,114.0,70,3.5185185185185186,35,0,0,5
442,C-3312-1052-A1,1052,Mur,6,31.0625,114.0,45,3.5185185185185186,10,0,0,5
443,C-3312-1053-A1,1053,Mur,6,43.0,114.0,40,3.5185185185185186,15,0,0,5
444,C-3312-1056-A1,1056,Mur,6,43.0,114.0,25,3.5185185185185186,5,0,0,5
445,C-3312-1057-A1,1057,Mur,6,43.0,114.0,25,3.5185185185185186,5,0,0,5
326,C-3312-1059-A1,1059,Mur,5,43.0,114.0,40,3.5185185185185186,15,0,0,5
327,C-3312-1061-A1,1061,Mur,5,43.0,114.0,45,3.5185185185185186,10,0,0,5
328,C-3312-1062-A1,1062,Mur,5,43.0,114.0,55,3.5185185185185186,25,0,0,6
329,C-3312-1063-A1,1063,Mur,5,43.0,114.0,100,3.5185185185185186,55,0,0,6
330,C-3312-1064-A1,1064,Mur,5,43.0,114.0,55,3.5185185185185186,25,0,0,6
331,C-3312-1066-A1,1066,Mur,5,43.0,114.0,45,3.5185185185185186,10,0,0,6
332,C-3312-1068-A1,1068,Mur,5,43.0,114.0,85,3.5185185185185186,45,0,0,6
333,C-3312-1069-A1,1069,Mur,5,43.0,114.0,85,3.5185185185185186,45,0,0,6
334,C-3312-1070-A1,1070,Mur,5,43.0,114.0,70,3.5185185185185186,35,0,0,6
335,C-3312-1071-A1,1071,Mur,5,24.0,114.0,110,3.5185185185185186,55,0,0,7
336,C-3312-1073-A1,1073,Mur,5,43.0,114.0,75,3.5185185185185186,30,0,0,7
337,C-3312-1075-A1,1075,Mur,5,43.0,114.0,105,3.5185185185185186,50,0,0,7
338,C-3312-1077-A1,1077,Mur,5,21.375,114.0,60,3.5185185185185186,20,0,0,7
339,C-3312-1078-A1,1078,Mur,5,30.0,165.0,85,5.092592592592593,45,0,0,7
340,C-3312-1079-A49,1079,Retour,5,43.0,165.0,100,5.092592592592593,5,0,0,7
341,C-3312-1081-A1,1081,Mur,5,8.0,165.0,25,5.092592592592593,5,0,0,7
224,C-3312-1082-A49,1082,Retour,3,43.0,114.0,100,3.5185185185185186,5,0,0,8
225,C-3312-1084-A1,1084,Mur,3,34.0,114.0,105,3.5185185185185186,50,0,0,8
226,C-3312-1086-A49,1086,Retour,3,43.0,110.0,100,3.3950617283950617,5,0,0,8
227,C-3312-1089-A1,1089,Mur,3,19.9375,114.0,25,3.5185185185185186,5,0,0,8
6,C-3312-1090-A49,1090,Retour,1,43.0,165.0,100,5.092592592592593,5,0,0,8
7,C-3312-1091-A49,1091,Retour,1,43.0,165.0,100,5.092592592592593,5,0,0,8
8,C-3312-1092-A1,1092,Mur,1,38.0,165.0,70,5.092592592592593,35,0,0,8
9,C-3312-1093-A1,1093,Mur,1,20.1875,114.0,75,3.5185185185185186,30,0,0,9
10,C-3312-1094-A49,1094,Retour,1,43.0,114.0,100,3.5185185185185186,5,0,0,9
11,C-3312-1095-A1,1095,Mur,1,43.0,114.0,105,3.5185185185185186,50,0,0,9
12,C-3312-1098-A1,1098,Mur,1,43.0,114.0,105,3.5185185185185186,50,0,0,9
13,C-3312-1100-A1,1100,Mur,1,43.0,114.0,80,3.5185185185185186,35,0,0,9
14,C-3312-1101-A1,1101,Mur,1,43.0,114.0,85,3.5185185185185186,45,0,0,9
15,C-3312-1102-A1,1102,Mur,1,43.0,114.0,70,3.5185185185185186,35,0,0,9
16,C-3312-1103-A49,1103,Retour,1,43.0,114.0,100,3.5185185185185186,5,0,0,10
17,C-3312-1105-A49,1105,Retour,1,43.0,114.0,100,3.5185185185185186,5,0,0,10
18,C-3312-1106-A1,1106,Mur,1,10.875,114.0,55,3.5185185185185186,25,0,0,10
19,C-3312-1110-A1,1110,Mur,1,9.0,114.0,45,3.5185185185185186,10,0,0,10
20,C-3312-1113-A1,1113,Mur,1,43.0,114.0,130,3.5185185185185186,60,0,0,10
21,C-3312-1114-A1,1114,Mur,1,30.9375,114.0,95,3.5185185185185186,45,0,0,10
22,C-3312-1115-A1,1115,Mur,1,36.0,114.0,160,3.5185185185185186,50,0,0,10
23,C-3312-1116-A1,1116,Mur,1,33.625,161.0,70,4.969135802469136,35,0,0,11
24,C-3312-1117-A49,1117,Retour,1,43.0,165.0,100,5.092592592592593,5,0,0,11
25,C-3312-1118-A49,1118,Retour,1,43.0,165.0,100,5.092592592592593,5,0,0,11
26,C-3312-1119-A1,1119,Mur,1,7.375,114.0,40,3.5185185185185186,15,0,0,11
27,C-3312-1122-A1,1122,Mur,1,49.125,114.0,75,3.5185185185185186,30,0,0,11
28,C-3312-1123-A1,1123,Mur,1,43.0,114.0,75,3.5185185185185186,30,0,0,11
29,C-3312-1124-A1,1124,Mur,1,43.0,114.0,125,3.5185185185185186,65,0,0,11
30,C-3312-1125-A1,1125,Mur,1,43.0,114.0,115,3.5185185185185186,65,0,0,12
31,C-3312-1126-A1,1126,Mur,1,43.0,114.0,45,3.5185185185185186,10,0,0,12
32,C-3312-1127-A1,1127,Mur,1,43.0,51.0,20,1.5740740740740742,5,0,0,12
33,C-3312-1128-A1,1128,Mur,1,43.0,51.0,20,1.5740740740740742,5,0,0,12
34,C-3312-1129-A1,1129,Mur,1,43.0,51.0,20,1.5740740740740742,5,0,0,12
35,C-3312-1130-A1,1130,Mur,1,43.0,51.0,20,1.5740740740740742,5,0,0,12
36,C-3312-1131-A1,1131,Mur,1,43.0,51.0,20,1.5740740740740742,5,0,0,12
37,C-3312-1132-A8,1132,Mur,1,43.0,51.0,45,1.5740740740740742,10,0,0,13
143,C-3312-1133-A1,1133,Mur,2,39.4375,114.0,115,3.5185185185185186,65,0,0,13
144,C-3312-1135-A1,1135,Mur,2,43.0,114.0,120,3.5185185185185186,60,0,0,13
145,C-3312-1136-A1,1136,Mur,2,43.0,114.0,25,3.5185185185185186,5,0,0,13
146,C-3312-1137-A1,1137,Mur,2,43.0,114.0,165,3.5185185185185186,90,0,0,13
147,C-3312-1139-A1,1139,Mur,2,20.0,114.0,25,3.5185185185185186,5,0,0,13
148,C-3312-1140-A1,1140,Mur,2,43.0,114.0,25,3.5185185185185186,5,0,0,13
38,C-3312-1141-A1,1141,Mur,1,17.875,165.0,25,5.092592592592593,5,0,0,14
39,C-3312-1142-A1,1142,Mur,1,43.0,165.0,95,5.092592592592593,45,0,0,14
40,C-3312-1143-A1,1143,Mur,1,43.0,165.0,85,5.092592592592593,45,0,0,14
41,C-3312-1144-A49,1144,Retour,1,43.0,165.0,100,5.092592592592593,5,0,0,14
42,C-3312-1145-A1,1145,Mur,1,43.0,165.0,255,5.092592592592593,115,0,0,14
43,C-3312-1146-A1,1146,Mur,1,43.0,165.0,115,5.092592592592593,65,0,0,14
44,C-3312-1147-A1,1147,Mur,1,43.0,165.0,195,5.092592592592593,75,0,0,14
149,C-3312-1148-A49,1148,Retour,2,43.0,114.0,100,3.5185185185185186,5,0,0,15
150,C-3312-1149-A1,1149,Mur,2,30.0,165.0,125,5.092592592592593,65,0,0,15
151,C-3312-1150-A1,1150,Mur,2,43.0,114.0,160,3.5185185185185186,80,0,0,15
152,C-3312-1151-A1,1151,Mur,2,43.0,114.0,230,3.5185185185185186,105,0,0,15
153,C-3312-1153-A1,1153,Mur,2,13.6875,114.0,60,3.5185185185185186,20,0,0,15
45,C-3312-1155-A1,1155,Mur,1,25.375,114.0,40,3.5185185185185186,15,0,0,15
46,C-3312-1156-A1,1156,Mur,1,20.875,114.0,25,3.5185185185185186,5,0,0,15
47,C-3312-1158-A1,1158,Mur,1,49.0,114.0,30,3.5185185185185186,5,0,0,16
48,C-3312-1159-A49,1159,Retour,1,43.0,114.0,100,3.5185185185185186,5,0,0,16
49,C-3312-1160-A1,1160,Mur,1,50.0,114.0,90,3.5185185185185186,40,0,0,16
50,C-3312-1163-A1,1163,Mur,1,30.0,114.0,70,3.5185185185185186,35,0,0,16
51,C-3312-1165-A1,1165,Mur,1,12.1875,114.0,55,3.5185185185185186,25,0,0,16
52,C-3312-1167-A1,1167,Mur,1,14.6875,114.0,55,3.5185185185185186,25,0,0,16
154,C-3312-1168-A1,1168,Mur,2,35.4376,114.0,55,3.5185185185185186,25,0,0,16
155,C-3312-1169-A49,1169,Retour,2,43.0,114.0,100,3.5185185185185186,5,0,0,17
156,C-3312-1171-A1,1171,Mur,2,43.0,114.0,85,3.5185185185185186,45,0,0,17
157,C-3312-1172-A49,1172,Retour,2,43.0,114.0,100,3.5185185185185186,5,0,0,17
158,C-3312-1173-A1,1173,Mur,2,35.4375,114.0,25,3.5185185185185186,5,0,0,17
159,C-3312-1175-A1,1175,Mur,2,43.0,114.0,115,3.5185185185185186,65,0,0,17
160,C-3312-1177-A49,1177,Retour,2,43.0,114.0,100,3.5185185185185186,5,0,0,17
161,C-3312-1178-A1,1178,Mur,2,16.5,114.0,25,3.5185185185185186,5,0,0,17
228,C-3312-1184-A1,1184,Mur,3,34.0,110.0,45,3.3950617283950617,10,0,0,18
229,C-3312-1186-A49,1186,Retour,3,43.0,114.0,100,3.5185185185185186,5,0,0,18
230,C-3312-1187-A49,1187,Retour,3,43.0,114.0,100,3.5185185185185186,5,0,0,18
231,C-3312-1188-A1,1188,Mur,3,36.875,114.0,135,3.5185185185185186,70,0,0,18
232,C-3312-1189-A1,1189,Mur,3,19.9375,110.0,25,3.3950617283950617,5,0,0,18
233,C-3312-1190-A1,1190,Mur,3,42.0,114.0,120,3.5185185185185186,60,0,0,18
234,C-3312-1191-A1,1191,Mur,3,43.0,114.0,170,3.5185185185185186,95,0,0,18
235,C-3312-1192-A1,1192,Mur,3,36.3125,114.0,55,3.5185185185185186,25,0,0,19
236,C-3312-1193-A49,1193,Retour,3,43.0,165.0,100,5.092592592592593,5,0,0,19
237,C-3312-1194-A1,1194,Mur,3,43.0,165.0,125,5.092592592592593,65,0,0,19
238,C-3312-1195-A1,1195,Mur,3,43.0,165.0,230,5.092592592592593,105,0,0,19
239,C-3312-1196-A49,1196,Retour,3,43.0,165.0,100,5.092592592592593,5,0,0,19
240,C-3312-1197-A1,1197,Mur,3,43.0,165.0,115,5.092592592592593,65,0,0,19
241,C-3312-1198-A1,1198,Mur,3,43.0,165.0,80,5.092592592592593,35,0,0,19
242,C-3312-1199-A1,1199,Mur,3,17.875,165.0,25,5.092592592592593,5,0,0,20
279,C-3312-1200-A1,1200,Mur,4,43.0,114.0,25,3.5185185185185186,5,0,0,20
280,C-3312-1201-A1,1201,Mur,4,20.0,114.0,25,3.5185185185185186,5,0,0,20
281,C-3312-1203-A1,1203,Mur,4,43.0,114.0,250,3.5185185185185186,110,0,0,20
282,C-3312-1205-A1,1205,Mur,4,43.0,114.0,215,3.5185185185185186,80,0,0,20
283,C-3312-1206-A1,1206,Mur,4,43.0,114.0,115,3.5185185185185186,65,0,0,20
284,C-3312-1207-A1,1207,Mur,4,39.4375,114.0,70,3.5185185185185186,35,0,0,20
285,C-3312-1208-A1,1208,Mur,4,28.938,114.0,25,3.5185185185185186,5,0,0,21
286,C-3312-1210-A1,1210,Mur,4,17.5,114.0,25,3.5185185185185186,5,0,0,21
287,C-3312-1215-A1,1215,Mur,4,16.5,114.0,25,3.5185185185185186,5,0,0,21
342,C-3312-1216-A49,1216,Retour,5,43.0,165.0,100,5.092592592592593,5,0,0,21
343,C-3312-1217-A49,1217,Retour,5,43.0,165.0,100,5.092592592592593,5,0,0,21
344,C-3312-1218-A1,1218,Mur,5,14.25,116.25,25,3.5879629629629632,5,0,0,21
345,C-3312-1219-A1,1219,Mur,5,40.3125,114.0,205,3.5185185185185186,80,0,0,21
346,C-3312-1220-A49,1220,Retour,5,43.0,114.0,100,3.5185185185185186,5,0,0,22
347,C-3312-1221-A1,1221,Mur,5,43.0,114.0,130,3.5185185185185186,60,0,0,22
348,C-3312-1223-A1,1223,Mur,5,23.3125,114.0,75,3.5185185185185186,30,0,0,22
349,C-3312-1225-A1,1225,Mur,5,38.375,114.0,100,3.5185185185185186,55,0,0,22
350,C-3312-1230-A1,1230,Mur,5,43.0,51.0,20,1.5740740740740742,5,0,0,22
351,C-3312-1238-A1,1238,Mur,5,13.5,114.0,75,3.5185185185185186,30,0,0,22
352,C-3312-1239-A1,1239,Mur,5,47.0,114.0,130,3.5185185185185186,35,0,0,22
353,C-3312-1240-A1,1240,Mur,5,39.0,114.0,160,3.5185185185185186,80,0,0,23
446,C-3312-1245-A1,1245,Mur,6,17.6875,114.0,60,3.5185185185185186,20,0,0,23
447,C-3312-1247-A1,1247,Mur,6,43.0,114.0,215,3.5185185185185186,95,0,0,23
448,C-3312-1248-A1,1248,Mur,6,43.0,114.0,145,3.5185185185185186,70,0,0,23
449,C-3312-1249-A1,1249,Mur,6,43.0,114.0,155,3.5185185185185186,85,0,0,23
354,C-3312-1251-A1,1251,Mur,5,49.0,114.0,30,3.5185185185185186,5,0,0,23
355,C-3312-1256-A1,1256,Mur,5,17.0625,114.0,40,3.5185185185185186,15,0,0,23
356,C-3312-1258-A1,1258,Mur,5,13.9375,114.0,55,3.5185185185185186,25,0,0,24
357,C-3312-1261-A1,1261,Mur,5,43.0,114.0,75,3.5185185185185186,30,0,0,24
450,C-3312-1263-A1,1263,Mur,6,35.4375,114.0,100,3.5185185185185186,55,0,0,24
451,C-3312-1267-A49,1267,Retour,6,43.0,114.0,100,3.5185185185185186,5,0,0,24
452,C-3312-1268-A1,1268,Mur,6,35.4375,114.0,40,3.5185185185185186,15,0,0,24
453,C-3312-1272-A1,1272,Mur,6,43.0,114.0,55,3.5185185185185186,25,0,0,24
53,C-3312-1301-A1,1301,Mur,1,17.875,96.0,20,2.9629629629629632,5,0,0,24
54,C-3312-1301-A112,1301,Plafond,1,17.875,96.0,20,2.9629629629629632,5,0,0,25
56,C-3312-1302-A112,1302,Plafond,1,43.0,96.0,50,2.9629629629629632,10,0,0,25
55,C-3312-1302-A1,1302,Mur,1,43.0,96.0,20,2.9629629629629632,5,0,0,26
57,C-3312-1303-A112,1303,Plafond,1,43.0,96.0,60,2.9629629629629632,25,0,1,25
59,C-3312-1304-A112,1304,Plafond,1,43.0,92.0,50,2.8395061728395063,10,0,0,25
58,C-3312-1304-A1,1304,Mur,1,43.0,92.0,20,2.8395061728395063,5,0,0,26
61,C-3312-1305-A112,1305,Plafond,1,17.875,70.25,20,2.16820987654321,5,0,0,25
60,C-3312-1305-A1,1305,Mur,1,17.875,70.25,20,2.16820987654321,5,0,0,26
62,C-3312-1306-A112,1306,Plafond,1,43.0,70.25,60,2.16820987654321,25,0,1,25
64,C-3312-1307-A112,1307,Plafond,1,43.0,70.25,50,2.16820987654321,10,0,0,25
63,C-3312-1307-A1,1307,Mur,1,43.0,70.25,20,2.16820987654321,5,0,0,26
65,C-3312-1308-A1,1308,Mur,1,43.0,70.25,20,2.16820987654321,5,0,0,26
66,C-3312-1308-A112,1308,Plafond,1,43.0,70.25,50,2.16820987654321,10,0,0,27
68,C-3312-1309-A112,1309,Plafond,1,17.875,96.0,20,2.9629629629629632,5,0,0,27
67,C-3312-1309-A1,1309,Mur,1,17.875,96.0,20,2.9629629629629632,5,0,0,26
69,C-3312-1310-A1,1310,Mur,1,43.0,96.0,20,2.9629629629629632,5,0,0,26
70,C-3312-1310-A112,1310,Plafond,1,43.0,96.0,50,2.9629629629629632,10,0,0,27
71,C-3312-1311-A112,1311,Plafond,1,43.0,96.0,60,2.9629629629629632,25,0,1,27
72,C-3312-1312-A1,1312,Mur,1,43.0,96.0,20,2.9629629629629632,5,0,0,28
73,C-3312-1312-A112,1312,Plafond,1,43.0,96.0,50,2.9629629629629632,10,0,0,27
74,C-3312-1313-A112,1313,Plafond,1,43.0,100.625,60,3.10570987654321,25,0,1,27
75,C-3312-1314-A1,1314,Mur,1,43.0,100.625,20,3.10570987654321,5,0,0,28
76,C-3312-1314-A112,1314,Plafond,1,43.0,100.625,50,3.10570987654321,10,0,0,27
77,C-3312-1315-A112,1315,Plafond,1,43.0,100.625,60,3.10570987654321,25,0,1,29
78,C-3312-1316-A1,1316,Mur,1,43.0,100.625,25,3.10570987654321,5,0,0,28
79,C-3312-1316-A112,1316,Plafond,1,43.0,100.625,50,3.10570987654321,10,0,0,29
80,C-3312-1317-A112,1317,Plafond,1,43.0,100.625,60,3.10570987654321,25,0,1,29
81,C-3312-1318-A1,1318,Mur,1,43.0,100.625,20,3.10570987654321,5,0,0,28
82,C-3312-1318-A112,1318,Plafond,1,43.0,100.625,50,3.10570987654321,10,0,0,29
84,C-3312-1319-A112,1319,Plafond,1,15.25,100.625,20,3.10570987654321,5,0,0,29
83,C-3312-1319-A1,1319,Mur,1,15.25,100.625,20,3.10570987654321,5,0,0,28
85,C-3312-1320-A112,1320,Plafond,1,43.0,96.0,60,2.9629629629629632,25,0,1,29
87,C-3312-1321-A112,1321,Plafond,1,43.0,96.0,50,2.9629629629629632,10,0,0,29
86,C-3312-1321-A1,1321,Mur,1,43.0,96.0,20,2.9629629629629632,5,0,0,28
88,C-3312-1322-A112,1322,Plafond,1,43.0,96.0,60,2.9629629629629632,25,0,1,30
90,C-3312-1323-A112,1323,Plafond,1,43.0,96.0,50,2.9629629629629632,10,0,0,30
89,C-3312-1323-A1,1323,Mur,1,43.0,96.0,20,2.9629629629629632,5,0,0,28
91,C-3312-1324-A112,1324,Plafond,1,43.0,96.0,60,2.9629629629629632,25,0,1,30
93,C-3312-1325-A112,1325,Plafond,1,43.0,96.0,50,2.9629629629629632,10,0,0,30
92,C-3312-1325-A1,1325,Mur,1,43.0,96.0,20,2.9629629629629632,5,0,0,31
94,C-3312-1326-A1,1326,Mur,1,15.25,96.0,20,2.9629629629629632,5,0,0,31
95,C-3312-1326-A112,1326,Plafond,1,15.25,96.0,20,2.9629629629629632,5,0,0,30
97,C-3312-1327-A112,1327,Plafond,1,43.0,88.1875,50,2.7218364197530867,10,0,0,30
96,C-3312-1327-A1,1327,Mur,1,43.0,88.1875,20,2.7218364197530867,5,0,0,31
98,C-3312-1328-A112,1328,Plafond,1,43.0,88.1875,60,2.7218364197530867,25,0,1,30
99,C-3312-1329-A112,1329,Plafond,1,43.0,88.1875,60,2.7218364197530867,25,0,1,32
101,C-3312-1330-A112,1330,Plafond,1,43.0,88.1875,50,2.7218364197530867,10,0,0,32
100,C-3312-1330-A1,1330,Mur,1,43.0,88.1875,20,2.7218364197530867,5,0,0,31
102,C-3312-1331-A112,1331,Plafond,1,43.0,88.1875,60,2.7218364197530867,25,0,1,32
104,C-3312-1332-A112,1332,Plafond,1,43.0,88.1875,50,2.7218364197530867,10,0,0,32
103,C-3312-1332-A1,1332,Mur,1,43.0,88.1875,20,2.7218364197530867,5,0,0,31
105,C-3312-1333-A1,1333,Mur,1,15.25,88.1875,20,2.7218364197530867,5,0,0,31
106,C-3312-1333-A112,1333,Plafond,1,15.25,88.1875,20,2.7218364197530867,5,0,0,32
108,C-3312-1334-A112,1334,Plafond,1,43.0,121.0,50,3.734567901234568,10,0,0,32
107,C-3312-1334-A1,1334,Mur,1,43.0,121.0,20,3.734567901234568,5,0,0,31
109,C-3312-1335-A112,1335,Plafond,1,43.0,121.0,60,3.734567901234568,25,0,1,32
111,C-3312-1336-A112,1336,Plafond,1,43.0,121.0,50,3.734567901234568,10,0,0,33
110,C-3312-1336-A1,1336,Mur,1,43.0,121.0,20,3.734567901234568,5,0,0,34
112,C-3312-1337-A112,1337,Plafond,1,43.0,121.0,60,3.734567901234568,25,0,1,33
113,C-3312-1338-A1,1338,Mur,1,43.0,121.0,20,3.734567901234568,5,0,0,34
114,C-3312-1338-A112,1338,Plafond,1,43.0,121.0,50,3.734567901234568,10,0,0,33
115,C-3312-1339-A112,1339,Plafond,1,43.0,121.0,60,3.734567901234568,25,0,1,33
116,C-3312-1340-A1,1340,Mur,1,15.25,121.0,20,3.734567901234568,5,0,0,34
117,C-3312-1340-A112,1340,Plafond,1,15.25,121.0,20,3.734567901234568,5,0,0,33
118,C-3312-1341-A1,1341,Mur,1,42.4375,84.75,20,2.615740740740741,5,0,0,34
119,C-3312-1341-A112,1341,Plafond,1,42.4375,84.75,50,2.615740740740741,10,0,0,33
120,C-3312-1342-A112,1342,Plafond,1,43.0,106.625,60,3.290895061728395,25,0,1,33
121,C-3312-1343-A1,1343,Mur,1,43.0,106.625,20,3.290895061728395,5,0,0,34
122,C-3312-1343-A112,1343,Plafond,1,43.0,106.625,50,3.290895061728395,10,0,0,35
123,C-3312-1344-A112,1344,Plafond,1,43.0,106.625,60,3.290895061728395,25,0,1,35
124,C-3312-1345-A1,1345,Mur,1,43.0,106.625,20,3.290895061728395,5,0,0,34
125,C-3312-1345-A112,1345,Plafond,1,43.0,106.625,50,3.290895061728395,10,0,0,35
126,C-3312-1346-A112,1346,Plafond,1,43.0,106.625,60,3.290895061728395,25,0,1,35
127,C-3312-1347-A1,1347,Mur,1,43.0,106.625,20,3.290895061728395,5,0,0,34
128,C-3312-1347-A112,1347,Plafond,1,43.0,106.625,50,3.290895061728395,10,0,0,35
129,C-3312-1348-A112,1348,Plafond,1,43.0,106.625,60,3.290895061728395,25,0,1,35
163,C-3312-1349-A112,1349,Plafond,2,37.1875,60.875,50,1.8788580246913582,10,0,0,35
162,C-3312-1349-A1,1349,Mur,2,37.1875,60.875,20,1.8788580246913582,5,0,0,36
164,C-3312-1350-A112,1350,Plafond,2,43.0,60.875,60,1.8788580246913582,25,0,1,37
166,C-3312-1351-A112,1351,Plafond,2,43.0,60.875,50,1.8788580246913582,10,0,0,37
165,C-3312-1351-A1,1351,Mur,2,43.0,60.875,20,1.8788580246913582,5,0,0,36
167,C-3312-1352-A112,1352,Plafond,2,43.0,60.875,60,1.8788580246913582,25,0,1,37
168,C-3312-1353-A1,1353,Mur,2,43.0,60.875,20,1.8788580246913582,5,0,0,36
169,C-3312-1353-A112,1353,Plafond,2,43.0,60.875,50,1.8788580246913582,10,0,0,37
171,C-3312-1354-A112,1354,Plafond,2,37.1875,83.0,50,2.5617283950617287,10,0,0,37
170,C-3312-1354-A1,1354,Mur,2,37.1875,83.0,20,2.5617283950617287,5,0,0,36
172,C-3312-1355-A112,1355,Plafond,2,43.0,83.0,60,2.5617283950617287,25,0,1,37
173,C-3312-1356-A1,1356,Mur,2,43.0,83.0,20,2.5617283950617287,5,0,0,36
174,C-3312-1356-A112,1356,Plafond,2,43.0,83.0,50,2.5617283950617287,10,0,0,37
175,C-3312-1357-A112,1357,Plafond,2,43.0,83.0,60,2.5617283950617287,25,0,1,38
176,C-3312-1358-A1,1358,Mur,2,43.0,83.0,20,2.5617283950617287,5,0,0,36
177,C-3312-1358-A112,1358,Plafond,2,43.0,83.0,50,2.5617283950617287,10,0,0,38
178,C-3312-1359-A1,1359,Mur,2,43.0,100.6875,20,3.107638888888889,5,0,0,36
179,C-3312-1359-A112,1359,Plafond,2,43.0,100.6875,50,3.107638888888889,10,0,0,38
180,C-3312-1360-A112,1360,Plafond,2,43.0,100.6875,60,3.107638888888889,25,0,1,38
182,C-3312-1361-A112,1361,Plafond,2,43.0,100.6875,50,3.107638888888889,10,0,0,38
181,C-3312-1361-A1,1361,Mur,2,43.0,100.6875,20,3.107638888888889,5,0,0,39
183,C-3312-1362-A112,1362,Plafond,2,43.0,100.6875,60,3.107638888888889,25,0,1,38
184,C-3312-1363-A1,1363,Mur,2,37.1875,100.6875,20,3.107638888888889,5,0,0,39
185,C-3312-1363-A112,1363,Plafond,2,37.1875,100.6875,50,3.107638888888889,10,0,0,38
187,C-3312-1364-A112,1364,Plafond,2,43.0,87.375,50,2.6967592592592595,10,0,0,40
186,C-3312-1364-A1,1364,Mur,2,43.0,87.375,25,2.6967592592592595,5,0,0,39
189,C-3312-1365-A112,1365,Plafond,2,43.0,87.375,50,2.6967592592592595,10,0,0,40
188,C-3312-1365-A1,1365,Mur,2,43.0,87.375,25,2.6967592592592595,5,0,0,39
190,C-3312-1366-A112,1366,Plafond,2,43.0,87.375,60,2.6967592592592595,25,0,1,40
191,C-3312-1367-A1,1367,Mur,2,43.0,87.375,20,2.6967592592592595,5,0,0,39
192,C-3312-1367-A112,1367,Plafond,2,43.0,87.375,50,2.6967592592592595,10,0,0,40
193,C-3312-1368-A112,1368,Plafond,2,37.1875,87.375,60,2.6967592592592595,25,0,1,40
194,C-3312-1369-A1,1369,Mur,2,43.0,104.3125,20,3.2195216049382718,5,0,0,39
195,C-3312-1369-A112,1369,Plafond,2,43.0,104.3125,50,3.2195216049382718,10,0,0,40
196,C-3312-1370-A112,1370,Plafond,2,43.0,104.3125,60,3.2195216049382718,25,0,1,40
198,C-3312-1371-A112,1371,Plafond,2,43.0,104.3125,50,3.2195216049382718,10,0,0,41
197,C-3312-1371-A1,1371,Mur,2,43.0,104.3125,20,3.2195216049382718,5,0,0,39
199,C-3312-1372-A112,1372,Plafond,2,43.0,104.3125,60,3.2195216049382718,25,0,1,41
200,C-3312-1373-A1,1373,Mur,2,43.0,104.3125,20,3.2195216049382718,5,0,0,42
201,C-3312-1373-A112,1373,Plafond,2,43.0,104.3125,50,3.2195216049382718,10,0,0,41
202,C-3312-1374-A1,1374,Mur,2,13.75,104.3125,25,3.2195216049382718,5,0,0,42
203,C-3312-1374-A112,1374,Plafond,2,13.75,104.3125,20,3.2195216049382718,5,0,0,41
204,C-3312-1375-A1,1375,Mur,2,43.0,96.0,25,2.9629629629629632,5,0,0,42
205,C-3312-1375-A112,1375,Plafond,2,43.0,96.0,50,2.9629629629629632,10,0,0,41
206,C-3312-1376-A1,1376,Mur,2,43.0,96.0,20,2.9629629629629632,5,0,0,42
207,C-3312-1376-A112,1376,Plafond,2,43.0,96.0,50,2.9629629629629632,10,0,0,41
208,C-3312-1377-A112,1377,Plafond,2,43.0,96.0,60,2.9629629629629632,25,0,1,41
210,C-3312-1378-A112,1378,Plafond,2,43.0,96.0,50,2.9629629629629632,10,0,0,43
209,C-3312-1378-A1,1378,Mur,2,43.0,96.0,20,2.9629629629629632,5,0,0,42
211,C-3312-1379-A112,1379,Plafond,2,43.0,96.0,60,2.9629629629629632,25,0,1,43
212,C-3312-1380-A1,1380,Mur,2,13.75,96.0,20,2.9629629629629632,5,0,0,42
213,C-3312-1380-A112,1380,Plafond,2,13.75,96.0,20,2.9629629629629632,5,0,0,43
214,C-3312-1381-A1,1381,Mur,2,43.0,106.5625,20,3.288966049382716,5,0,0,42
215,C-3312-1381-A112,1381,Plafond,2,43.0,106.5625,50,3.288966049382716,10,0,0,43
216,C-3312-1382-A112,1382,Plafond,2,43.0,106.5625,60,3.288966049382716,25,0,1,43
218,C-3312-1383-A112,1383,Plafond,2,43.0,106.5625,50,3.288966049382716,10,0,0,43
217,C-3312-1383-A1,1383,Mur,2,43.0,106.563,20,3.2889814814814815,5,0,0,44
219,C-3312-1384-A112,1384,Plafond,2,43.0,107.5,60,3.3179012345679015,25,0,1,43
220,C-3312-1385-A1,1385,Mur,2,43.0,107.5,20,3.3179012345679015,5,0,0,44
221,C-3312-1385-A112,1385,Plafond,2,43.0,107.5,50,3.3179012345679015,10,0,0,45
222,C-3312-1386-A1,1386,Mur,2,13.75,107.5,20,3.3179012345679015,5,0,0,44
223,C-3312-1386-A112,1386,Plafond,2,13.75,107.5,20,3.3179012345679015,5,0,0,45
243,C-3312-1387-A112,1387,Plafond,3,43.0,106.5,60,3.287037037037037,25,0,1,45
244,C-3312-1388-A1,1388,Mur,3,43.0,106.5,20,3.287037037037037,5,0,0,44
245,C-3312-1388-A112,1388,Plafond,3,43.0,106.5,50,3.287037037037037,10,0,0,45
246,C-3312-1389-A112,1389,Plafond,3,43.0,106.5,60,3.287037037037037,25,0,1,45
248,C-3312-1390-A112,1390,Plafond,3,43.0,106.5,50,3.287037037037037,10,0,0,45
247,C-3312-1390-A1,1390,Mur,3,43.0,106.5,20,3.287037037037037,5,0,0,44
249,C-3312-1391-A112,1391,Plafond,3,43.0,106.5,60,3.287037037037037,25,0,1,45
250,C-3312-1392-A1,1392,Mur,3,43.0,106.5,20,3.287037037037037,5,0,0,44
251,C-3312-1392-A112,1392,Plafond,3,43.0,106.5,50,3.287037037037037,10,0,0,46
252,C-3312-1393-A1,1393,Mur,3,15.25,106.5,20,3.287037037037037,5,0,0,44
253,C-3312-1393-A112,1393,Plafond,3,15.25,106.5,20,3.287037037037037,5,0,0,46
254,C-3312-1394-A1,1394,Mur,3,43.0,96.0,20,2.9629629629629632,5,0,0,47
255,C-3312-1394-A112,1394,Plafond,3,43.0,96.0,50,2.9629629629629632,10,0,0,46
256,C-3312-1395-A112,1395,Plafond,3,43.0,96.0,60,2.9629629629629632,25,0,1,46
257,C-3312-1396-A1,1396,Mur,3,43.0,96.0,20,2.9629629629629632,5,0,0,47
258,C-3312-1396-A112,1396,Plafond,3,43.0,96.0,50,2.9629629629629632,10,0,0,46
259,C-3312-1397-A112,1397,Plafond,3,43.0,96.0,60,2.9629629629629632,25,0,1,46
260,C-3312-1398-A1,1398,Mur,3,43.0,96.0,20,2.9629629629629632,5,0,0,47
261,C-3312-1398-A112,1398,Plafond,3,43.0,96.0,50,2.9629629629629632,10,0,0,46
262,C-3312-1399-A112,1399,Plafond,3,43.0,96.0,60,2.9629629629629632,25,0,1,48
263,C-3312-1400-A1,1400,Mur,3,15.25,96.0,25,2.9629629629629632,5,0,0,47
264,C-3312-1400-A112,1400,Plafond,3,15.25,96.0,20,2.9629629629629632,5,0,0,48
265,C-3312-1401-A112,1401,Plafond,3,43.0,106.5625,60,3.288966049382716,25,0,1,48
267,C-3312-1402-A112,1402,Plafond,3,43.0,106.5625,50,3.288966049382716,10,0,0,48
266,C-3312-1402-A1,1402,Mur,3,43.0,106.5625,20,3.288966049382716,5,0,0,47
268,C-3312-1403-A112,1403,Plafond,3,43.0,106.5625,60,3.288966049382716,25,0,1,48
270,C-3312-1404-A112,1404,Plafond,3,43.0,106.5625,50,3.288966049382716,10,0,0,48
269,C-3312-1404-A1,1404,Mur,3,43.0,106.5625,20,3.288966049382716,5,0,0,47
271,C-3312-1405-A112,1405,Plafond,3,43.0,106.5625,60,3.288966049382716,25,0,1,48
273,C-3312-1406-A112,1406,Plafond,3,43.0,106.5625,50,3.288966049382716,10,0,0,49
272,C-3312-1406-A1,1406,Mur,3,43.0,106.5625,20,3.288966049382716,5,0,0,47
274,C-3312-1407-A1,1407,Mur,3,15.25,106.5625,20,3.288966049382716,5,0,0,50
275,C-3312-1407-A112,1407,Plafond,3,15.25,106.5625,20,3.288966049382716,5,0,0,49
359,C-3312-1408-A112,1408,Plafond,5,43.0,121.0,50,3.734567901234568,10,0,0,49
358,C-3312-1408-A1,1408,Mur,5,43.0,121.0,20,3.734567901234568,5,0,0,50
360,C-3312-1409-A112,1409,Plafond,5,43.0,121.0,60,3.734567901234568,25,0,1,49
361,C-3312-1410-A1,1410,Mur,5,43.0,121.0,20,3.734567901234568,5,0,0,50
362,C-3312-1410-A112,1410,Plafond,5,43.0,121.0,50,3.734567901234568,10,0,0,49
363,C-3312-1411-A112,1411,Plafond,5,43.0,121.0,60,3.734567901234568,25,0,1,49
365,C-3312-1412-A112,1412,Plafond,5,43.0,121.0,50,3.734567901234568,10,0,0,49
364,C-3312-1412-A1,1412,Mur,5,43.0,121.0,20,3.734567901234568,5,0,0,50
366,C-3312-1413-A112,1413,Plafond,5,43.0,121.0,60,3.734567901234568,25,0,1,51
368,C-3312-1414-A112,1414,Plafond,5,15.25,121.0,20,3.734567901234568,5,0,0,51
367,C-3312-1414-A1,1414,Mur,5,15.25,121.0,20,3.734567901234568,5,0,0,50
369,C-3312-1415-A112,1415,Plafond,5,43.0,75.3125,60,2.32445987654321,25,0,1,51
371,C-3312-1416-A112,1416,Plafond,5,43.0,75.3125,50,2.32445987654321,10,0,0,51
370,C-3312-1416-A1,1416,Mur,5,43.0,75.3125,20,2.32445987654321,5,0,0,50
372,C-3312-1417-A112,1417,Plafond,5,43.0,75.3125,60,2.32445987654321,25,0,1,51
374,C-3312-1418-A112,1418,Plafond,5,43.0,75.3125,50,2.32445987654321,10,0,0,51
373,C-3312-1418-A1,1418,Mur,5,43.0,75.3125,20,2.32445987654321,5,0,0,50
375,C-3312-1419-A112,1419,Plafond,5,43.0,75.3125,60,2.32445987654321,25,0,1,51
376,C-3312-1420-A1,1420,Mur,5,43.0,75.3125,20,2.32445987654321,5,0,0,52
377,C-3312-1420-A112,1420,Plafond,5,43.0,75.3125,50,2.32445987654321,10,0,0,53
378,C-3312-1421-A1,1421,Mur,5,15.25,75.3125,20,2.32445987654321,5,0,0,52
379,C-3312-1421-A112,1421,Plafond,5,15.25,75.3125,20,2.32445987654321,5,0,0,53
380,C-3312-1422-A112,1422,Plafond,5,43.0,96.0,60,2.9629629629629632,25,0,1,53
381,C-3312-1423-A1,1423,Mur,5,43.0,96.0,20,2.9629629629629632,5,0,0,52
382,C-3312-1423-A112,1423,Plafond,5,43.0,96.0,50,2.9629629629629632,10,0,0,53
383,C-3312-1424-A112,1424,Plafond,5,43.0,96.0,60,2.9629629629629632,25,0,1,53
385,C-3312-1425-A112,1425,Plafond,5,43.0,96.0,50,2.9629629629629632,10,0,0,53
384,C-3312-1425-A1,1425,Mur,5,43.0,96.0,20,2.9629629629629632,5,0,0,52
386,C-3312-1426-A112,1426,Plafond,5,43.0,96.0,60,2.9629629629629632,25,0,1,53
387,C-3312-1427-A1,1427,Mur,5,43.0,96.0,20,2.9629629629629632,5,0,0,52
388,C-3312-1427-A112,1427,Plafond,5,43.0,96.0,50,2.9629629629629632,10,0,0,54
390,C-3312-1428-A112,1428,Plafond,5,15.25,96.0,20,2.9629629629629632,5,0,0,54
389,C-3312-1428-A1,1428,Mur,5,15.25,96.0,20,2.9629629629629632,5,0,0,52
391,C-3312-1429-A112,1429,Plafond,5,43.0,80.8125,60,2.4942129629629632,25,0,1,54
392,C-3312-1430-A1,1430,Mur,5,43.0,80.8125,20,2.4942129629629632,5,0,0,52
393,C-3312-1430-A112,1430,Plafond,5,43.0,80.8125,50,2.4942129629629632,10,0,0,54
394,C-3312-1431-A112,1431,Plafond,5,43.0,80.8125,60,2.4942129629629632,25,0,1,54
396,C-3312-1432-A112,1432,Plafond,5,43.0,80.8125,50,2.4942129629629632,10,0,0,54
395,C-3312-1432-A1,1432,Mur,5,43.0,80.8125,25,2.4942129629629632,5,0,0,55
397,C-3312-1433-A112,1433,Plafond,5,43.0,80.8125,60,2.4942129629629632,25,0,1,54
398,C-3312-1434-A1,1434,Mur,5,43.0,80.8125,20,2.4942129629629632,5,0,0,55
399,C-3312-1434-A112,1434,Plafond,5,43.0,80.8125,50,2.4942129629629632,10,0,0,56
400,C-3312-1435-A1,1435,Mur,5,15.25,80.8125,20,2.4942129629629632,5,0,0,55
401,C-3312-1435-A112,1435,Plafond,5,15.25,80.8125,20,2.4942129629629632,5,0,0,56
402,C-3312-1436-A1,1436,Mur,5,43.0,90.875,20,2.804783950617284,5,0,0,55
403,C-3312-1436-A112,1436,Plafond,5,43.0,90.875,50,2.804783950617284,10,0,0,56
404,C-3312-1437-A112,1437,Plafond,5,43.0,90.875,60,2.804783950617284,25,0,1,56
406,C-3312-1438-A112,1438,Plafond,5,43.0,90.875,50,2.804783950617284,10,0,0,56
405,C-3312-1438-A1,1438,Mur,5,43.0,90.875,20,2.804783950617284,5,0,0,55
408,C-3312-1439-A112,1439,Plafond,5,28.75,90.875,50,2.804783950617284,10,0,0,56
407,C-3312-1439-A1,1439,Mur,5,28.75,90.875,20,2.804783950617284,5,0,0,55
410,C-3312-1440-A112,1440,Plafond,5,43.0,80.5,50,2.484567901234568,10,0,0,56
409,C-3312-1440-A1,1440,Mur,5,43.0,80.5,20,2.484567901234568,5,0,0,55
412,C-3312-1441-A112,1441,Plafond,5,43.0,80.5,50,2.484567901234568,10,0,0,57
411,C-3312-1441-A1,1441,Mur,5,43.0,80.5,20,2.484567901234568,5,0,0,58
413,C-3312-1442-A112,1442,Plafond,5,43.0,80.5,60,2.484567901234568,25,0,1,57
415,C-3312-1443-A112,1443,Plafond,5,28.75,80.5,50,2.484567901234568,10,0,0,57
414,C-3312-1443-A1,1443,Mur,5,28.75,80.5,20,2.484567901234568,5,0,0,58
417,C-3312-1444-A112,1444,Plafond,5,43.0,90.875,50,2.804783950617284,10,0,0,57
416,C-3312-1444-A1,1444,Mur,5,43.0,90.875,20,2.804783950617284,5,0,0,58
418,C-3312-1445-A112,1445,Plafond,5,43.0,90.875,60,2.804783950617284,25,0,1,57
419,C-3312-1446-A1,1446,Mur,5,43.0,90.875,20,2.804783950617284,5,0,0,58
420,C-3312-1446-A112,1446,Plafond,5,43.0,90.875,50,2.804783950617284,10,0,0,57
421,C-3312-1447-A112,1447,Plafond,5,28.75,90.875,60,2.804783950617284,25,0,1,57
422,C-3312-1448-A112,1448,Plafond,5,43.0,106.625,60,3.290895061728395,25,0,1,59
423,C-3312-1449-A1,1449,Mur,5,43.0,106.625,20,3.290895061728395,5,0,0,58
424,C-3312-1449-A112,1449,Plafond,5,43.0,106.625,50,3.290895061728395,10,0,0,59
425,C-3312-1450-A1,1450,Mur,5,43.0,106.625,20,3.290895061728395,5,0,0,58
426,C-3312-1450-A112,1450,Plafond,5,43.0,106.625,60,3.290895061728395,25,0,1,59
427,C-3312-1451-A1,1451,Mur,5,43.0,106.625,20,3.290895061728395,5,0,0,58
428,C-3312-1451-A112,1451,Plafond,5,43.0,106.625,50,3.290895061728395,10,0,0,59
429,C-3312-1452-A112,1452,Plafond,5,43.0,106.625,60,3.290895061728395,25,0,1,59
430,C-3312-1453-A1,1453,Mur,5,43.0,106.625,20,3.290895061728395,5,0,0,60
431,C-3312-1453-A112,1453,Plafond,5,43.0,106.625,50,3.290895061728395,10,0,0,59
432,C-3312-1454-A112,1454,Plafond,5,43.0,84.75,60,2.615740740740741,25,0,1,59
433,C-3312-1455-A1,1455,Mur,5,22.688,84.75,20,2.615740740740741,5,0,0,60
434,C-3312-1455-A112,1455,Plafond,5,22.6875,84.75,20,2.615740740740741,5,0,0,61
454,C-3312-1456-A1,1456,Mur,6,37.1875,60.9375,20,1.8807870370370372,5,0,0,60
455,C-3312-1456-A112,1456,Plafond,6,37.1875,60.9375,50,1.8807870370370372,10,0,0,61
456,C-3312-1457-A112,1457,Plafond,6,43.0,60.9375,60,1.8807870370370372,25,0,1,61
458,C-3312-1458-A112,1458,Plafond,6,43.0,60.9375,50,1.8807870370370372,10,0,0,61
457,C-3312-1458-A1,1458,Mur,6,43.0,60.9375,20,1.8807870370370372,5,0,0,60
459,C-3312-1459-A112,1459,Plafond,6,43.0,60.9375,60,1.8807870370370372,25,0,1,61
461,C-3312-1460-A112,1460,Plafond,6,43.0,60.9375,50,1.8807870370370372,10,0,0,61
460,C-3312-1460-A1,1460,Mur,6,43.0,60.9375,20,1.8807870370370372,5,0,0,60
463,C-3312-1461-A112,1461,Plafond,6,37.1875,82.875,50,2.5578703703703707,10,0,0,61
462,C-3312-1461-A1,1461,Mur,6,37.1875,82.875,20,2.5578703703703707,5,0,0,60
464,C-3312-1462-A112,1462,Plafond,6,43.0,82.875,60,2.5578703703703707,25,0,1,62
466,C-3312-1463-A112,1463,Plafond,6,43.0,82.875,50,2.5578703703703707,10,0,0,62
465,C-3312-1463-A1,1463,Mur,6,43.0,82.875,20,2.5578703703703707,5,0,0,60
467,C-3312-1464-A112,1464,Plafond,6,43.0,82.875,60,2.5578703703703707,25,0,1,62
469,C-3312-1465-A112,1465,Plafond,6,43.0,82.875,50,2.5578703703703707,10,0,0,62
468,C-3312-1465-A1,1465,Mur,6,43.0,82.875,20,2.5578703703703707,5,0,0,63
471,C-3312-1466-A112,1466,Plafond,6,37.1875,84.4375,50,2.6060956790123457,10,0,0,62
470,C-3312-1466-A1,1466,Mur,6,37.1875,84.4375,20,2.6060956790123457,5,0,0,63
472,C-3312-1467-A112,1467,Plafond,6,43.0,84.4375,60,2.6060956790123457,25,0,1,62
473,C-3312-1468-A1,1468,Mur,6,43.0,84.4375,20,2.6060956790123457,5,0,0,63
474,C-3312-1468-A112,1468,Plafond,6,43.0,84.4375,50,2.6060956790123457,10,0,0,62
475,C-3312-1469-A112,1469,Plafond,6,43.0,84.4375,60,2.6060956790123457,25,0,1,64
476,C-3312-1470-A1,1470,Mur,6,43.0,84.4375,20,2.6060956790123457,5,0,0,63
477,C-3312-1470-A112,1470,Plafond,6,43.0,84.4375,50,2.6060956790123457,10,0,0,64
479,C-3312-1471-A112,1471,Plafond,6,37.1875,83.9375,50,2.590663580246914,10,0,0,64
478,C-3312-1471-A1,1471,Mur,6,37.188,83.938,25,2.5906790123456793,5,0,0,63
480,C-3312-1472-A1,1472,Mur,6,43.0,83.9375,25,2.590663580246914,5,0,0,63
481,C-3312-1472-A112,1472,Plafond,6,43.0,83.9375,50,2.590663580246914,10,0,0,64
482,C-3312-1473-A112,1473,Plafond,6,43.0,83.9375,60,2.590663580246914,25,0,1,64
484,C-3312-1474-A112,1474,Plafond,6,43.0,83.9375,50,2.590663580246914,10,0,0,64
483,C-3312-1474-A1,1474,Mur,6,43.0,83.9375,20,2.590663580246914,5,0,0,63
485,C-3312-1475-A112,1475,Plafond,6,43.0,83.9375,60,2.590663580246914,25,0,1,64
486,C-3312-1476-A112,1476,Plafond,6,43.0,104.3125,60,3.2195216049382718,25,0,1,65
487,C-3312-1477-A1,1477,Mur,6,43.0,104.3125,20,3.2195216049382718,5,0,0,66
488,C-3312-1477-A112,1477,Plafond,6,43.0,104.3125,50,3.2195216049382718,10,0,0,65
489,C-3312-1478-A112,1478,Plafond,6,43.0,104.3125,60,3.2195216049382718,25,0,1,65
490,C-3312-1479-A1,1479,Mur,6,43.0,104.3125,20,3.2195216049382718,5,0,0,66
491,C-3312-1479-A112,1479,Plafond,6,43.0,104.3125,50,3.2195216049382718,10,0,0,65
492,C-3312-1480-A112,1480,Plafond,6,43.0,104.3125,60,3.2195216049382718,25,0,1,65
493,C-3312-1481-A1,1481,Mur,6,11.6875,104.3125,25,3.2195216049382718,5,0,0,66
494,C-3312-1481-A112,1481,Plafond,6,11.6875,104.3125,20,3.2195216049382718,5,0,0,65
496,C-3312-1482-A112,1482,Plafond,6,43.0,96.0,50,2.9629629629629632,10,0,0,65
495,C-3312-1482-A1,1482,Mur,6,43.0,96.0,20,2.9629629629629632,5,0,0,66
497,C-3312-1483-A112,1483,Plafond,6,43.0,96.0,60,2.9629629629629632,25,0,1,67
498,C-3312-1484-A1,1484,Mur,6,43.0,96.0,20,2.9629629629629632,5,0,0,66
499,C-3312-1484-A112,1484,Plafond,6,43.0,96.0,50,2.9629629629629632,10,0,0,67
500,C-3312-1485-A112,1485,Plafond,6,43.0,96.0,60,2.9629629629629632,25,0,1,67
501,C-3312-1486-A1,1486,Mur,6,43.0,96.0,20,2.9629629629629632,5,0,0,66
502,C-3312-1486-A112,1486,Plafond,6,43.0,96.0,50,2.9629629629629632,10,0,0,67
503,C-3312-1487-A1,1487,Mur,6,11.6875,96.0,20,2.9629629629629632,5,0,0,66
504,C-3312-1487-A112,1487,Plafond,6,11.6875,96.0,20,2.9629629629629632,5,0,0,67
505,C-3312-1488-A112,1488,Plafond,6,43.0,107.5,60,3.3179012345679015,25,0,1,67
506,C-3312-1489-A1,1489,Mur,6,43.0,107.5,20,3.3179012345679015,5,0,0,68
507,C-3312-1489-A112,1489,Plafond,6,43.0,107.5,50,3.3179012345679015,10,0,0,67
508,C-3312-1490-A112,1490,Plafond,6,43.0,107.5,60,3.3179012345679015,25,0,1,69
509,C-3312-1491-A1,1491,Mur,6,43.0,106.5625,20,3.288966049382716,5,0,0,68
510,C-3312-1491-A112,1491,Plafond,6,43.0,106.5625,50,3.288966049382716,10,0,0,69
511,C-3312-1492-A112,1492,Plafond,6,43.0,106.5625,60,3.288966049382716,25,0,1,69
513,C-3312-1493-A112,1493,Plafond,6,11.6875,106.5625,20,3.288966049382716,5,0,0,69
512,C-3312-1493-A1,1493,Mur,6,11.6875,106.5625,20,3.288966049382716,5,0,0,68
288,C-3312-1494-A1,1494,Mur,4,43.0,104.3125,25,3.2195216049382718,5,0,0,68
289,C-3312-1494-A112,1494,Plafond,4,43.0,104.3125,50,3.2195216049382718,10,0,0,69
290,C-3312-1495-A112,1495,Plafond,4,43.0,104.3125,60,3.2195216049382718,25,0,1,69
292,C-3312-1496-A112,1496,Plafond,4,43.0,104.3125,50,3.2195216049382718,10,0,0,69
291,C-3312-1496-A1,1496,Mur,4,43.0,104.3125,20,3.2195216049382718,5,0,0,68
293,C-3312-1497-A112,1497,Plafond,4,43.0,104.3125,60,3.2195216049382718,25,0,1,70
294,C-3312-1498-A1,1498,Mur,4,43.0,104.325,20,3.2199074074074074,5,0,0,68
295,C-3312-1498-A112,1498,Plafond,4,43.0,104.3125,50,3.2195216049382718,10,0,0,70
297,C-3312-1499-A112,1499,Plafond,4,43.0,104.3125,50,3.2195216049382718,10,0,0,70
296,C-3312-1499-A1,1499,Mur,4,43.0,104.3125,20,3.2195216049382718,5,0,0,68
298,C-3312-1500-A112,1500,Plafond,4,43.0,104.3125,60,3.2195216049382718,25,0,1,70
300,C-3312-1501-A112,1501,Plafond,4,20.9375,83.4375,20,2.5752314814814814,5,0,0,70
299,C-3312-1501-A1,1501,Mur,4,20.938,83.438,20,2.575246913580247,5,0,0,71
301,C-3312-1502-A112,1502,Plafond,4,43.0,96.0,50,2.9629629629629632,10,0,0,70
302,C-3312-1503-A1,1503,Mur,4,43.0,96.0,20,2.9629629629629632,5,0,0,71
303,C-3312-1503-A112,1503,Plafond,4,43.0,96.0,50,2.9629629629629632,10,0,0,70
304,C-3312-1504-A112,1504,Plafond,4,43.0,96.0,60,2.9629629629629632,25,0,1,72
305,C-3312-1505-A1,1505,Mur,4,43.0,96.0,20,2.9629629629629632,5,0,0,71
306,C-3312-1505-A112,1505,Plafond,4,43.0,96.0,50,2.9629629629629632,10,0,0,72
307,C-3312-1506-A1,1506,Mur,4,43.0,96.0,20,2.9629629629629632,5,0,0,71
308,C-3312-1506-A112,1506,Plafond,4,43.0,96.0,50,2.9629629629629632,10,0,0,72
309,C-3312-1507-A112,1507,Plafond,4,43.0,96.0,60,2.9629629629629632,25,0,1,72
311,C-3312-1508-A112,1508,Plafond,4,20.9375,96.0,20,2.9629629629629632,5,0,0,72
310,C-3312-1508-A1,1508,Mur,4,20.9375,96.0,20,2.9629629629629632,5,0,0,71
313,C-3312-1509-A112,1509,Plafond,4,43.0,107.5,50,3.3179012345679015,10,0,0,72
312,C-3312-1509-A1,1509,Mur,4,43.0,107.5,25,3.3179012345679015,5,0,0,71
314,C-3312-1510-A112,1510,Plafond,4,43.0,107.5,60,3.3179012345679015,25,0,1,72
316,C-3312-1511-A112,1511,Plafond,4,43.0,107.5,50,3.3179012345679015,10,0,0,73
315,C-3312-1511-A1,1511,Mur,4,43.0,107.5,25,3.3179012345679015,5,0,0,71
317,C-3312-1512-A112,1512,Plafond,4,43.0,107.5,60,3.3179012345679015,25,0,1,73
319,C-3312-1513-A112,1513,Plafond,4,43.0,107.5,50,3.3179012345679015,10,0,0,73
318,C-3312-1513-A1,1513,Mur,4,43.0,107.5,20,3.3179012345679015,5,0,0,74
321,C-3312-1514-A112,1514,Plafond,4,43.0,107.5,50,3.3179012345679015,10,0,0,73
320,C-3312-1514-A1,1514,Mur,4,43.0,107.5,20,3.3179012345679015,5,0,0,74
322,C-3312-1515-A112,1515,Plafond,4,43.0,107.5,60,3.3179012345679015,25,0,1,73
324,C-3312-1516-A112,1516,Plafond,4,20.9375,77.5,20,2.3919753086419755,5,0,0,73
323,C-3312-1516-A1,1516,Mur,4,20.938,77.5,20,2.3919753086419755,5,0,0,74
325,C-3312-1517-A112,1517,Plafond,4,43.0,96.0,60,2.9629629629629632,25,0,1,73
514,C-3312-2001-A49,2001,Retour,7,43.0,114.0,100,3.5185185185185186,5,0,0,74
515,C-3312-2010-A8,2010,Coin,7,33.75,114.0,45,3.5185185185185186,10,0,0,74
516,C-3312-2011-A1,2011,Mur,7,18.125,114.0,25,3.5185185185185186,5,0,0,74
517,C-3312-2012-A1,2012,Mur,7,43.0,114.0,25,3.5185185185185186,5,0,0,74
518,C-3312-2015-A8,2015,Coin,7,33.75,114.0,45,3.5185185185185186,10,0,0,75
519,C-3312-2016-A1,2016,Mur,7,35.125,114.0,25,3.5185185185185186,5,0,0,75
520,C-3312-2018-A1,2018,Mur,7,43.0,114.0,25,3.5185185185185186,5,0,0,75
521,C-3312-2021-A1,2021,Mur,7,43.0,114.0,85,3.5185185185185186,45,0,0,75
522,C-3312-2028-A1,2028,Mur,7,43.0,114.0,70,3.5185185185185186,35,0,0,75
523,C-3312-2039-A1,2039,Mur,7,43.0,114.0,85,3.5185185185185186,45,0,0,75
524,C-3312-2040-A49,2040,Retour,7,43.0,114.0,100,3.5185185185185186,5,0,0,75
525,C-3312-2041-A1,2041,Mur,7,49.0,114.0,60,3.5185185185185186,25,0,0,76
526,C-3312-2042-A1,2042,Mur,7,32.0,114.0,30,3.5185185185185186,5,0,0,76
527,C-3312-2044-A1,2044,Mur,7,43.0,114.0,40,3.5185185185185186,15,0,0,76
528,C-3312-2046-A1,2046,Mur,7,39.375,114.0,90,3.5185185185185186,40,0,0,76
529,C-3312-2049-A1,2049,Mur,7,42.625,114.0,25,3.5185185185185186,5,0,0,76
530,C-3312-2050-A1,2050,Mur,7,43.0,114.0,90,3.5185185185185186,40,0,0,76
531,C-3312-2051-A1,2051,Mur,7,43.0,114.0,100,3.5185185185185186,55,0,0,76
532,C-3312-2052-A1,2052,Mur,7,46.5,114.0,55,3.5185185185185186,25,0,0,77
595,C-3312-2053-A1,2053,Mur,8,21.6875,114.0,30,3.5185185185185186,5,0,0,77
596,C-3312-2056-A1,2056,Mur,8,43.0,114.0,25,3.5185185185185186,5,0,0,77
597,C-3312-2058-A1,2058,Mur,8,43.0,114.0,40,3.5185185185185186,15,0,0,77
598,C-3312-2060-A1,2060,Mur,8,43.0,114.0,40,3.5185185185185186,15,0,0,77
599,C-3312-2064-A1,2064,Mur,8,33.0,114.0,55,3.5185185185185186,25,0,0,77
600,C-3312-2067-A1,2067,Mur,8,22.5,114.0,75,3.5185185185185186,30,0,0,77
601,C-3312-2069-A1,2069,Mur,8,11.875,114.0,25,3.5185185185185186,5,0,0,78
688,C-3312-2072-A1,2072,Mur,9,43.0,114.0,55,3.5185185185185186,25,0,0,78
733,C-3312-2076-A1,2076,Mur,10,43.0,114.0,125,3.5185185185185186,35,0,0,78
734,C-3312-2077-A1,2077,Mur,10,43.0,114.0,140,3.5185185185185186,45,0,0,78
735,C-3312-2080-A1,2080,Mur,10,27.9375,114.0,85,3.5185185185185186,45,0,0,78
736,C-3312-2085-A1,2085,Mur,10,47.0,114.0,120,3.5185185185185186,60,0,0,78
737,C-3312-2087-A49,2087,Retour,10,43.0,120.0,100,3.7037037037037037,5,0,0,78
738,C-3312-2088-A1,2088,Mur,10,34.0,120.0,75,3.7037037037037037,30,0,0,79
739,C-3312-2089-A1,2089,Mur,10,25.0,120.0,60,3.7037037037037037,20,0,0,79
740,C-3312-2092-A8,2092,Coin,10,33.75,149.875,45,4.625771604938272,10,0,0,79
741,C-3312-2093-A1,2093,Mur,10,43.0,150.0,140,4.62962962962963,75,0,0,79
742,C-3312-2094-A1,2094,Mur,10,43.0,150.0,95,4.62962962962963,45,0,0,79
743,C-3312-2095-A1,2095,Mur,10,27.25,150.0,115,4.62962962962963,65,0,0,79
744,C-3312-2096-A1,2096,Mur,10,43.0,150.0,115,4.62962962962963,65,0,0,79
745,C-3312-2097-A1,2097,Mur,10,43.0,109.5,105,3.3796296296296298,25,0,0,80
746,C-3312-2099-A1,2099,Mur,10,43.0,109.5,105,3.3796296296296298,25,0,0,80
689,C-3312-2100-A1,2100,Mur,9,43.0,150.0,30,4.62962962962963,5,0,0,80
690,C-3312-2101-A1,2101,Mur,9,28.125,150.0,95,4.62962962962963,45,0,0,80
691,C-3312-2102-A1,2102,Mur,9,43.0,150.0,55,4.62962962962963,25,0,0,80
692,C-3312-2104-A1,2104,Mur,9,43.0,150.0,85,4.62962962962963,45,0,0,80
602,C-3312-2105-A1,2105,Mur,8,16.0625,150.0,25,4.62962962962963,5,0,0,80
603,C-3312-2107-A1,2107,Mur,8,12.125,150.0,40,4.62962962962963,15,0,0,81
604,C-3312-2108-A1,2108,Mur,8,43.0,150.0,110,4.62962962962963,25,0,0,81
605,C-3312-2109-A1,2109,Mur,8,16.0625,150.0,55,4.62962962962963,25,0,0,81
606,C-3312-2111-A1,2111,Mur,8,23.375,150.0,70,4.62962962962963,35,0,0,81
607,C-3312-2112-A8,2112,Coin,8,33.75,149.875,45,4.625771604938272,10,0,0,81
608,C-3312-2113-A1,2113,Mur,8,34.5,150.0,55,4.62962962962963,25,0,0,81
609,C-3312-2115-A8,2115,Coin,8,33.75,149.875,45,4.625771604938272,10,0,0,81
610,C-3312-2116-A1,2116,Mur,8,43.0,114.0,40,3.5185185185185186,15,0,0,82
611,C-3312-2117-A1,2117,Mur,8,43.0,114.0,40,3.5185185185185186,15,0,0,82
612,C-3312-2118-A1,2118,Mur,8,43.0,114.0,25,3.5185185185185186,5,0,0,82
613,C-3312-2119-A1,2119,Mur,8,43.0,114.0,25,3.5185185185185186,5,0,0,82
614,C-3312-2120-A1,2120,Mur,8,43.0,114.0,40,3.5185185185185186,15,0,0,82
615,C-3312-2121-A1,2121,Mur,8,43.0,114.0,55,3.5185185185185186,25,0,0,82
616,C-3312-2122-A1,2122,Mur,8,43.0,114.0,40,3.5185185185185186,15,0,0,82
617,C-3312-2123-A1,2123,Mur,8,43.0,114.0,25,3.5185185185185186,5,0,0,83
618,C-3312-2125-A1,2125,Mur,8,43.0,110.0,70,3.3950617283950617,35,0,0,83
619,C-3312-2127-A1,2127,Mur,8,29.875,114.0,55,3.5185185185185186,25,0,0,83
620,C-3312-2128-A1,2128,Mur,8,43.0,114.0,40,3.5185185185185186,15,0,0,83
621,C-3312-2131-A1,2131,Mur,8,43.0,114.0,40,3.5185185185185186,15,0,0,83
622,C-3312-2132-A1,2132,Mur,8,43.0,114.0,25,3.5185185185185186,5,0,0,83
623,C-3312-2133-A1,2133,Mur,8,43.0,114.0,45,3.5185185185185186,10,0,0,83
624,C-3312-2134-A1,2134,Mur,8,43.0,114.0,25,3.5185185185185186,5,0,0,84
625,C-3312-2135-A1,2135,Mur,8,19.0625,114.0,25,3.5185185185185186,5,0,0,84
626,C-3312-2136-A1,2136,Mur,8,38.125,114.0,40,3.5185185185185186,15,0,0,84
627,C-3312-2137-A1,2137,Mur,8,43.0,114.0,55,3.5185185185185186,25,0,0,84
628,C-3312-2138-A1,2138,Mur,8,43.0,114.0,85,3.5185185185185186,45,0,0,84
629,C-3312-2139-A1,2139,Mur,8,43.0,114.0,25,3.5185185185185186,5,0,0,84
630,C-3312-2140-A1,2140,Mur,8,43.0,114.0,40,3.5185185185185186,15,0,0,84
693,C-3312-2150-A1,2150,Mur,9,43.0,114.0,85,3.5185185185185186,45,0,0,85
694,C-3312-2156-A1,2156,Mur,9,12.375,114.0,70,3.5185185185185186,35,0,0,85
695,C-3312-2160-A1,2160,Mur,9,11.8125,114.0,40,3.5185185185185186,15,0,0,85
696,C-3312-2164-A1,2164,Mur,9,11.125,114.0,40,3.5185185185185186,15,0,0,85
697,C-3312-2166-A1,2166,Mur,9,43.0,114.0,60,3.5185185185185186,20,0,0,85
698,C-3312-2169-A1,2169,Mur,9,28.0,114.0,75,3.5185185185185186,30,0,0,85
747,C-3312-2175-A1,2175,Mur,10,27.875,114.0,45,3.5185185185185186,15,0,0,85
748,C-3312-2177-A8,2177,Coin,10,33.75,114.0,45,3.5185185185185186,10,0,0,86
749,C-3312-2178-A1,2178,Mur,10,43.0,114.0,60,3.5185185185185186,20,0,0,86
750,C-3312-2181-A1,2181,Mur,10,20.625,114.0,40,3.5185185185185186,15,0,0,86
751,C-3312-2182-A1,2182,Mur,10,20.25,114.0,40,3.5185185185185186,15,0,0,86
752,C-3312-2185-A1,2185,Mur,10,43.0,114.0,85,3.5185185185185186,45,0,0,86
533,C-3312-2186-A8,2186,Coin,7,33.75,114.0,45,3.5185185185185186,10,0,0,86
534,C-3312-2187-A8,2187,Coin,7,33.75,114.0,45,3.5185185185185186,10,0,0,86
535,C-3312-2189-A1,2189,Mur,7,21.375,114.0,25,3.5185185185185186,5,0,0,87
631,C-3312-2192-A1,2192,Mur,8,17.625,114.0,25,3.5185185185185186,5,0,0,87
699,C-3312-2195-A1,2195,Mur,9,15.625,114.0,25,3.5185185185185186,5,0,0,87
753,C-3312-2197-A8,2197,Coin,10,33.75,114.0,45,3.5185185185185186,10,0,0,87
536,C-3312-2198-A1,2198,Mur,7,12.75,113.375,20,3.4992283950617287,5,0,0,87
537,C-3312-2199-A1,2199,Mur,7,7.125,114.0,25,3.5185185185185186,5,0,0,87
538,C-3312-2200-A1,2200,Mur,7,7.125,114.0,25,3.5185185185185186,5,0,0,87
540,C-3312-2301-A112,2301,Plafond,7,43.0,117.5,50,3.6265432098765435,10,0,0,88
539,C-3312-2301-A1,2301,Mur,7,36.0,117.5,20,3.6265432098765435,5,0,0,89
542,C-3312-2302-A112,2302,Plafond,7,43.0,117.5,50,3.6265432098765435,10,0,0,88
541,C-3312-2302-A1,2302,Mur,7,36.0,117.5,20,3.6265432098765435,5,0,0,89
543,C-3312-2303-A1,2303,Mur,7,36.0,117.5,20,3.6265432098765435,5,0,0,89
544,C-3312-2303-A112,2303,Plafond,7,43.0,117.5,50,3.6265432098765435,10,0,0,88
545,C-3312-2304-A1,2304,Mur,7,36.0,117.5,20,3.6265432098765435,5,0,0,89
546,C-3312-2304-A112,2304,Plafond,7,43.0,117.5,50,3.6265432098765435,10,0,0,88
547,C-3312-2305-A1,2305,Mur,7,39.25,117.5,20,3.6265432098765435,5,0,0,89
548,C-3312-2305-A112,2305,Plafond,7,11.25,117.5,20,3.6265432098765435,5,0,0,88
549,C-3312-2306-A1,2306,Mur,7,43.0,79.6875,20,2.459490740740741,5,0,0,89
550,C-3312-2306-A112,2306,Plafond,7,43.0,146.4375,50,4.5196759259259265,10,0,0,88
551,C-3312-2307-A112,2307,Plafond,7,43.0,146.4375,60,4.5196759259259265,25,0,1,88
552,C-3312-2308-A112,2308,Plafond,7,43.0,146.4375,60,4.5196759259259265,25,0,1,90
553,C-3312-2309-A112,2309,Plafond,7,43.0,146.4375,60,4.5196759259259265,25,0,1,90
554,C-3312-2310-A1,2310,Mur,7,11.25,146.4375,20,4.5196759259259265,5,0,0,89
555,C-3312-2310-A112,2310,Plafond,7,11.25,146.4375,20,4.5196759259259265,5,0,0,90
557,C-3312-2311-A112,2311,Plafond,7,43.0,55.125,50,1.701388888888889,10,0,0,90
556,C-3312-2311-A1,2311,Mur,7,43.0,55.125,20,1.701388888888889,5,0,0,91
558,C-3312-2312-A112,2312,Plafond,7,43.0,55.125,60,1.701388888888889,25,0,1,90
559,C-3312-2313-A1,2313,Mur,7,43.0,55.125,20,1.701388888888889,5,0,0,91
560,C-3312-2313-A112,2313,Plafond,7,43.0,55.125,50,1.701388888888889,10,0,0,90
561,C-3312-2314-A1,2314,Mur,7,14.25,55.125,20,1.701388888888889,5,0,0,91
562,C-3312-2314-A112,2314,Plafond,7,14.25,55.125,20,1.701388888888889,5,0,0,90
564,C-3312-2315-A112,2315,Plafond,7,43.0,116.25,50,3.5879629629629632,10,0,0,92
563,C-3312-2315-A1,2315,Mur,7,43.0,106.9375,25,3.3005401234567904,5,0,0,91
565,C-3312-2316-A112,2316,Plafond,7,43.0,116.25,60,3.5879629629629632,25,0,1,92
567,C-3312-2317-A112,2317,Plafond,7,43.0,116.25,50,3.5879629629629632,10,0,0,92
566,C-3312-2317-A1,2317,Mur,7,43.0,116.25,20,3.5879629629629632,5,0,0,91
569,C-3312-2318-A112,2318,Plafond,7,14.25,116.25,20,3.5879629629629632,5,0,0,92
568,C-3312-2318-A1,2318,Mur,7,14.25,116.25,25,3.5879629629629632,5,0,0,91
570,C-3312-2319-A112,2319,Plafond,7,55.0,108.0,60,3.3333333333333335,25,0,1,92
571,C-3312-2320-A1,2320,Mur,7,43.0,108.0,20,3.3333333333333335,5,0,0,91
572,C-3312-2320-A112,2320,Plafond,7,43.0,108.0,50,3.3333333333333335,10,0,0,92
573,C-3312-2321-A112,2321,Plafond,7,35.875,108.0,60,3.3333333333333335,25,0,1,92
575,C-3312-2322-A112,2322,Plafond,7,43.0,108.0,50,3.3333333333333335,10,0,0,93
574,C-3312-2322-A1,2322,Mur,7,43.0,108.0,20,3.3333333333333335,5,0,0,94
577,C-3312-2323-A112,2323,Plafond,7,43.0,63.75,50,1.9675925925925928,10,0,0,93
576,C-3312-2323-A1,2323,Mur,7,43.0,63.75,20,1.9675925925925928,5,0,0,94
578,C-3312-2324-A112,2324,Plafond,7,43.0,63.75,60,1.9675925925925928,25,0,1,93
580,C-3312-2325-A112,2325,Plafond,7,43.0,63.75,50,1.9675925925925928,10,0,0,93
579,C-3312-2325-A1,2325,Mur,7,43.0,63.75,20,1.9675925925925928,5,0,0,94
581,C-3312-2326-A1,2326,Mur,7,43.0,63.75,20,1.9675925925925928,5,0,0,94
582,C-3312-2326-A112,2326,Plafond,7,43.0,63.75,50,1.9675925925925928,10,0,0,93
584,C-3312-2327-A112,2327,Plafond,7,43.0,63.75,50,1.9675925925925928,10,0,0,93
583,C-3312-2327-A1,2327,Mur,7,43.0,63.75,20,1.9675925925925928,5,0,0,94
585,C-3312-2328-A112,2328,Plafond,7,43.0,63.75,60,1.9675925925925928,25,0,1,93
587,C-3312-2329-A112,2329,Plafond,7,43.0,63.75,50,1.9675925925925928,10,0,0,95
586,C-3312-2329-A1,2329,Mur,7,43.0,63.75,20,1.9675925925925928,5,0,0,94
589,C-3312-2330-A112,2330,Plafond,7,43.0,63.75,50,1.9675925925925928,10,0,0,95
588,C-3312-2330-A1,2330,Mur,7,43.0,63.75,20,1.9675925925925928,5,0,0,94
591,C-3312-2331-A112,2331,Plafond,7,43.0,63.75,50,1.9675925925925928,10,0,0,95
590,C-3312-2331-A1,2331,Mur,7,43.0,63.75,20,1.9675925925925928,5,0,0,96
592,C-3312-2332-A112,2332,Plafond,7,43.0,63.75,60,1.9675925925925928,25,0,1,95
594,C-3312-2333-A112,2333,Plafond,7,43.0,63.75,50,1.9675925925925928,10,0,0,95
593,C-3312-2333-A1,2333,Mur,7,43.0,63.75,20,1.9675925925925928,5,0,0,96
632,C-3312-2334-A1,2334,Mur,8,26.68125,115.75,20,3.572530864197531,5,0,0,96
633,C-3312-2334-A112,2334,Plafond,8,26.8125,115.75,20,3.572530864197531,5,0,0,95
634,C-3312-2335-A1,2335,Mur,8,43.0,115.75,20,3.572530864197531,5,0,0,96
635,C-3312-2335-A112,2335,Plafond,8,43.0,115.75,50,3.572530864197531,10,0,0,95
636,C-3312-2336-A112,2336,Plafond,8,43.0,115.75,60,3.572530864197531,25,0,1,97
637,C-3312-2337-A1,2337,Mur,8,43.0,115.75,20,3.572530864197531,5,0,0,96
638,C-3312-2337-A112,2337,Plafond,8,43.0,115.75,50,3.572530864197531,10,0,0,97
639,C-3312-2338-A112,2338,Plafond,8,43.0,115.75,60,3.572530864197531,25,0,1,97
640,C-3312-2339-A1,2339,Mur,8,43.0,115.75,25,3.572530864197531,5,0,0,96
641,C-3312-2339-A112,2339,Plafond,8,43.0,115.75,50,3.572530864197531,10,0,0,97
642,C-3312-2340-A112,2340,Plafond,8,43.0,115.75,60,3.572530864197531,25,0,1,97
643,C-3312-2341-A1,2341,Mur,8,34.125,115.75,20,3.572530864197531,5,0,0,96
644,C-3312-2341-A112,2341,Plafond,8,34.125,115.75,50,3.572530864197531,10,0,0,97
645,C-3312-2342-A112,2342,Plafond,8,34.125,115.75,60,3.572530864197531,25,0,1,97
647,C-3312-2343-A112,2343,Plafond,8,47.4375,115.75,50,3.572530864197531,10,0,0,98
646,C-3312-2343-A1,2343,Mur,8,47.4375,115.75,20,3.572530864197531,5,0,0,99
648,C-3312-2344-A112,2344,Plafond,8,47.4375,115.75,60,3.572530864197531,25,0,1,98
650,C-3312-2345-A112,2345,Plafond,8,34.125,115.75,50,3.572530864197531,10,0,0,98
649,C-3312-2345-A1,2345,Mur,8,34.125,115.75,20,3.572530864197531,5,0,0,99
651,C-3312-2346-A1,2346,Mur,8,43.0,87.25,20,2.6929012345679015,5,0,0,99
652,C-3312-2346-A112,2346,Plafond,8,43.0,87.25,50,2.6929012345679015,10,0,0,98
653,C-3312-2347-A112,2347,Plafond,8,43.0,87.25,60,2.6929012345679015,25,0,1,98
655,C-3312-2348-A112,2348,Plafond,8,43.0,87.25,50,2.6929012345679015,10,0,0,98
654,C-3312-2348-A1,2348,Mur,8,43.0,87.25,20,2.6929012345679015,5,0,0,99
656,C-3312-2349-A112,2349,Plafond,8,43.0,87.25,60,2.6929012345679015,25,0,1,98
658,C-3312-2350-A112,2350,Plafond,8,38.9375,87.25,50,2.6929012345679015,10,0,0,100
657,C-3312-2350-A1,2350,Mur,8,38.9375,87.25,25,2.6929012345679015,5,0,0,99
660,C-3312-2351-A112,2351,Plafond,8,43.0,102.5625,50,3.1655092592592595,10,0,0,100
659,C-3312-2351-A1,2351,Mur,8,43.0,102.5625,20,3.1655092592592595,5,0,0,99
661,C-3312-2352-A112,2352,Plafond,8,43.0,102.5625,60,3.1655092592592595,25,0,1,100
663,C-3312-2353-A112,2353,Plafond,8,43.0,102.5625,50,3.1655092592592595,10,0,0,100
662,C-3312-2353-A1,2353,Mur,8,43.0,102.5625,20,3.1655092592592595,5,0,0,99
664,C-3312-2354-A112,2354,Plafond,8,43.0,102.5625,60,3.1655092592592595,25,0,1,100
665,C-3312-2355-A1,2355,Mur,8,38.9375,102.5625,25,3.1655092592592595,5,0,0,101
666,C-3312-2355-A112,2355,Plafond,8,38.9375,102.5625,50,3.1655092592592595,10,0,0,100
667,C-3312-2356-A112,2356,Plafond,8,43.0,90.5625,60,2.795138888888889,25,0,1,100
668,C-3312-2357-A1,2357,Mur,8,43.0,90.5625,20,2.795138888888889,5,0,0,101
669,C-3312-2357-A112,2357,Plafond,8,43.0,90.5625,50,2.795138888888889,10,0,0,102
670,C-3312-2358-A112,2358,Plafond,8,43.0,90.5625,60,2.795138888888889,25,0,1,102
671,C-3312-2359-A1,2359,Mur,8,30.125,90.5625,20,2.795138888888889,5,0,0,101
672,C-3312-2359-A112,2359,Plafond,8,30.125,90.5625,50,2.795138888888889,10,0,0,102
673,C-3312-2360-A112,2360,Plafond,8,43.0,96.75,60,2.986111111111111,25,0,1,102
674,C-3312-2361-A1,2361,Mur,8,43.0,96.75,20,2.986111111111111,5,0,0,101
675,C-3312-2361-A112,2361,Plafond,8,43.0,96.75,50,2.986111111111111,10,0,0,102
676,C-3312-2362-A112,2362,Plafond,8,43.0,96.75,60,2.986111111111111,25,0,1,102
677,C-3312-2363-A1,2363,Mur,8,30.125,96.75,20,2.986111111111111,5,0,0,101
678,C-3312-2363-A112,2363,Plafond,8,30.125,96.75,50,2.986111111111111,10,0,0,102
679,C-3312-2364-A1,2364,Mur,8,24.4375,123.4375,20,3.8097993827160495,5,0,0,101
680,C-3312-2364-A112,2364,Plafond,8,24.4375,123.4375,20,3.8097993827160495,5,0,0,103
681,C-3312-2365-A1,2365,Mur,8,43.0,123.4375,25,3.8097993827160495,5,0,0,101
682,C-3312-2365-A112,2365,Plafond,8,43.0,123.4375,50,3.8097993827160495,10,0,0,103
683,C-3312-2366-A112,2366,Plafond,8,43.0,113.0,60,3.4876543209876543,25,0,1,103
684,C-3312-2367-A1,2367,Mur,8,43.0,113.0,20,3.4876543209876543,5,0,0,104
685,C-3312-2367-A112,2367,Plafond,8,43.0,113.0,50,3.4876543209876543,10,0,0,103
687,C-3312-2368-A112,2368,Plafond,8,43.0,113.0,50,3.4876543209876543,10,0,0,103
686,C-3312-2368-A1,2368,Mur,8,43.0,113.0,20,3.4876543209876543,5,0,0,104
700,C-3312-2369-A112,2369,Plafond,9,43.0,113.0,50,3.4876543209876543,10,0,0,103
701,C-3312-2370-A112,2370,Plafond,9,43.0,113.0,60,3.4876543209876543,25,0,1,103
702,C-3312-2371-A112,2371,Plafond,9,43.0,113.0,50,3.4876543209876543,10,0,0,105
703,C-3312-2372-A112,2372,Plafond,9,43.0,113.0,50,3.4876543209876543,10,0,0,105
704,C-3312-2373-A112,2373,Plafond,9,43.0,113.0,50,3.4876543209876543,10,0,0,105
754,C-3312-2374-A112,2374,Plafond,10,43.0,113.0,60,3.4876543209876543,25,0,1,105
755,C-3312-2375-A112,2375,Plafond,10,43.0,113.0,50,3.4876543209876543,10,0,0,105
756,C-3312-2376-A112,2376,Plafond,10,43.0,113.0,50,3.4876543209876543,10,0,0,105
757,C-3312-2377-A112,2377,Plafond,10,43.0,113.0,50,3.4876543209876543,10,0,0,105
758,C-3312-2378-A112,2378,Plafond,10,43.0,113.0,60,3.4876543209876543,25,0,1,106
759,C-3312-2379-A112,2379,Plafond,10,43.0,113.0,50,3.4876543209876543,10,0,0,106
760,C-3312-2380-A112,2380,Plafond,10,43.0,113.0,50,3.4876543209876543,10,0,0,106
705,C-3312-2381-A1,2381,Mur,9,43.0,116.25,20,3.5879629629629632,5,0,0,104
706,C-3312-2381-A112,2381,Plafond,9,43.0,116.25,50,3.5879629629629632,10,0,0,106
707,C-3312-2382-A112,2382,Plafond,9,43.0,116.25,60,3.5879629629629632,25,0,1,106
708,C-3312-2383-A1,2383,Mur,9,43.0,116.25,20,3.5879629629629632,5,0,0,104
709,C-3312-2383-A112,2383,Plafond,9,43.0,116.25,50,3.5879629629629632,10,0,0,106
710,C-3312-2384-A112,2384,Plafond,9,43.0,116.25,60,3.5879629629629632,25,0,1,106
711,C-3312-2385-A1,2385,Mur,9,29.25,116.25,20,3.5879629629629632,5,0,0,104
712,C-3312-2385-A112,2385,Plafond,9,29.25,116.25,50,3.5879629629629632,10,0,0,107
713,C-3312-2386-A1,2386,Mur,9,43.0,139.5625,20,4.307484567901235,5,0,0,104
714,C-3312-2386-A112,2386,Plafond,9,43.0,139.5625,50,4.307484567901235,10,0,0,107
715,C-3312-2387-A112,2387,Plafond,9,43.0,139.5625,60,4.307484567901235,25,0,1,107
716,C-3312-2388-A1,2388,Mur,9,43.0,139.5625,25,4.307484567901235,5,0,0,104
717,C-3312-2388-A112,2388,Plafond,9,43.0,139.5625,50,4.307484567901235,10,0,0,107
718,C-3312-2389-A112,2389,Plafond,9,43.0,88.0625,60,2.7179783950617287,25,0,1,107
719,C-3312-2390-A1,2390,Mur,9,29.25,88.0625,25,2.7179783950617287,5,0,0,108
720,C-3312-2390-A112,2390,Plafond,9,29.25,88.0625,50,2.7179783950617287,10,0,0,107
721,C-3312-2391-A1,2391,Mur,9,43.0,106.25,25,3.2793209876543212,5,0,0,108
722,C-3312-2391-A112,2391,Plafond,9,43.0,106.25,50,3.2793209876543212,10,0,0,107
723,C-3312-2392-A112,2392,Plafond,9,43.0,106.25,60,3.2793209876543212,25,0,1,109
724,C-3312-2393-A1,2393,Mur,9,12.6875,106.25,20,3.2793209876543212,5,0,0,108
725,C-3312-2393-A112,2393,Plafond,9,12.6875,106.25,20,3.2793209876543212,5,0,0,109
726,C-3312-2394-A112,2394,Plafond,9,33.1875,75.25,60,2.322530864197531,25,0,1,109
727,C-3312-2395-A112,2395,Plafond,9,33.1875,75.25,50,2.322530864197531,10,0,0,109
728,C-3312-2396-A112,2396,Plafond,9,33.1875,75.25,60,2.322530864197531,25,0,1,109
729,C-3312-2397-A112,2397,Plafond,9,33.1875,82.0,60,2.5308641975308643,25,0,1,109
731,C-3312-2398-A112,2398,Plafond,9,33.1875,82.0,50,2.5308641975308643,10,0,0,109
730,C-3312-2398-A1,2398,Mur,9,33.1875,82.0,20,2.5308641975308643,5,0,0,108
732,C-3312-2399-A112,2399,Plafond,9,33.1875,82.0,60,2.5308641975308643,25,0,1,110
762,C-3312-2400-A112,2400,Plafond,10,17.5,102.0625,20,3.150077160493827,5,0,0,110
761,C-3312-2400-A1,2400,Mur,10,17.5,102.0625,20,3.150077160493827,5,0,0,108
763,C-3312-2401-A1,2401,Mur,10,43.0,102.0625,20,3.150077160493827,5,0,0,108
764,C-3312-2401-A112,2401,Plafond,10,43.0,102.0625,50,3.150077160493827,10,0,0,110
765,C-3312-2402-A112,2402,Plafond,10,43.0,102.0625,60,3.150077160493827,25,0,1,110
766,C-3312-2403-A1,2403,Mur,10,43.0,102.0625,20,3.150077160493827,5,0,0,108
767,C-3312-2403-A112,2403,Plafond,10,43.0,102.0625,50,3.150077160493827,10,0,0,110
768,C-3312-2404-A112,2404,Plafond,10,43.0,102.0625,60,3.150077160493827,25,0,1,110
769,C-3312-2405-A1,2405,Mur,10,43.0,102.0625,25,3.150077160493827,5,0,0,111
770,C-3312-2405-A112,2405,Plafond,10,43.0,102.0625,50,3.150077160493827,10,0,0,110
771,C-3312-2406-A112,2406,Plafond,10,43.0,102.0625,60,3.150077160493827,25,0,1,112
772,C-3312-2407-A1,2407,Mur,10,43.0,102.0625,20,3.150077160493827,5,0,0,111
773,C-3312-2407-A112,2407,Plafond,10,43.0,102.0625,50,3.150077160493827,10,0,0,112
775,C-3312-2408-A112,2408,Plafond,10,17.5,130.0,20,4.012345679012346,5,0,0,112
774,C-3312-2408-A1,2408,Mur,10,17.5,130.0,20,4.012345679012346,5,0,0,111
776,C-3312-2409-A112,2409,Plafond,10,43.0,130.0,60,4.012345679012346,25,0,1,112
777,C-3312-2410-A1,2410,Mur,10,43.0,130.0,25,4.012345679012346,5,0,0,111
778,C-3312-2410-A112,2410,Plafond,10,43.0,130.0,50,4.012345679012346,10,0,0,112
779,C-3312-2411-A1,2411,Mur,10,43.0,130.0,20,4.012345679012346,5,0,0,111
780,C-3312-2411-A112,2411,Plafond,10,43.0,130.0,50,4.012345679012346,10,0,0,112
781,C-3312-2412-A112,2412,Plafond,10,43.0,130.0,60,4.012345679012346,25,0,1,112
782,C-3312-2413-A1,2413,Mur,10,43.0,111.5,25,3.441358024691358,5,0,0,111
783,C-3312-2413-A112,2413,Plafond,10,43.0,111.5,50,3.441358024691358,10,0,0,113
784,C-3312-2414-A112,2414,Plafond,10,43.0,111.5,60,3.441358024691358,25,0,1,113
785,C-3312-2415-A1,2415,Mur,10,43.0,111.5,20,3.441358024691358,5,0,0,111
786,C-3312-2415-A112,2415,Plafond,10,43.0,111.5,50,3.441358024691358,10,0,0,113
787,C-3312-2416-A1,2416,Mur,10,17.5,130.0,20,4.012345679012346,5,0,0,114
788,C-3312-2416-A112,2416,Plafond,10,17.5,130.0,20,4.012345679012346,5,0,0,113
789,C-3312-2417-A112,2417,Plafond,10,43.0,130.0,60,4.012345679012346,25,0,1,113
790,C-3312-2418-A1,2418,Mur,10,43.0,130.0,20,4.012345679012346,5,0,0,114
791,C-3312-2418-A112,2418,Plafond,10,43.0,130.0,50,4.012345679012346,10,0,0,113
792,C-3312-2419-A112,2419,Plafond,10,43.0,130.0,60,4.012345679012346,25,0,1,113
793,C-3312-2420-A1,2420,Mur,10,30.8125,130.0,20,4.012345679012346,5,0,0,114
794,C-3312-2420-A112,2420,Plafond,10,30.8125,130.0,50,4.012345679012346,10,0,0,115
795,C-3312-2421-A112,2421,Plafond,10,43.0,64.75,60,1.998456790123457,25,0,1,115
796,C-3312-2422-A1,2422,Mur,10,43.0,64.75,20,1.998456790123457,5,0,0,114
797,C-3312-2422-A112,2422,Plafond,10,43.0,64.75,50,1.998456790123457,10,0,0,115
798,C-3312-2423-A112,2423,Plafond,10,43.0,64.75,60,1.998456790123457,25,0,1,115
799,C-3312-2424-A1,2424,Mur,10,22.0,64.75,20,1.998456790123457,5,0,0,114
800,C-3312-2424-A112,2424,Plafond,10,22.0,64.75,20,1.998456790123457,5,0,0,115
801,C-3312-2425-A112,2425,Plafond,10,43.0,71.375,60,2.2029320987654324,25,0,1,115
802,C-3312-2426-A1,2426,Mur,10,43.0,71.375,20,2.2029320987654324,5,0,0,114
803,C-3312-2426-A112,2426,Plafond,10,43.0,71.375,50,2.2029320987654324,10,0,0,115
804,C-3312-2427-A112,2427,Plafond,10,43.0,71.375,60,2.2029320987654324,25,0,1,116
805,C-3312-2428-A1,2428,Mur,10,22.0,71.375,20,2.2029320987654324,5,0,0,114
806,C-3312-2428-A112,2428,Plafond,10,22.0,71.375,20,2.2029320987654324,5,0,0,116
971,C-3312-3001-A1,3001,Mur,13,43.0,120.0,25,3.7037037037037037,5,0,0,117
972,C-3312-3002-A1,3002,Mur,13,28.5,120.0,40,3.7037037037037037,15,0,0,117
973,C-3312-3004-A1,3004,Mur,13,12.0625,120.0,25,3.7037037037037037,5,0,0,117
974,C-3312-3005-A1,3005,Mur,13,43.0,120.0,40,3.7037037037037037,15,0,0,117
975,C-3312-3006-A8,3006,Coin,13,14.0,120.0,45,3.7037037037037037,10,0,0,117
976,C-3312-3008-A1,3008,Mur,13,43.0,120.0,100,3.7037037037037037,55,0,0,117
977,C-3312-3009-A1,3009,Mur,13,43.0,120.0,40,3.7037037037037037,15,0,0,117
978,C-3312-3013-A1,3013,Mur,13,10.5,120.0,25,3.7037037037037037,5,0,0,118
979,C-3312-3015-A1,3015,Mur,13,11.375,120.0,40,3.7037037037037037,15,0,0,118
980,C-3312-3024-A8,3024,Coin,13,33.75,120.0,45,3.7037037037037037,10,0,0,118
981,C-3312-3025-A1,3025,Mur,13,25.0,120.0,25,3.7037037037037037,5,0,0,118
982,C-3312-3026-A1,3026,Mur,13,43.0,120.0,45,3.7037037037037037,10,0,0,118
983,C-3312-3027-A1,3027,Mur,13,43.0,120.0,45,3.7037037037037037,10,0,0,118
984,C-3312-3028-A1,3028,Mur,13,43.0,120.0,25,3.7037037037037037,5,0,0,118
985,C-3312-3029-A1,3029,Mur,13,43.0,120.0,25,3.7037037037037037,5,0,0,119
986,C-3312-3030-A1,3030,Mur,13,43.0,120.0,45,3.7037037037037037,10,0,0,119
807,C-3312-3031-A1,3031,Mur,11,43.0,120.0,25,3.7037037037037037,5,0,0,119
886,C-3312-3035-A1,3035,Mur,12,43.0,120.0,75,3.7037037037037037,30,0,0,119
887,C-3312-3036-A1,3036,Mur,12,43.0,120.0,65,3.7037037037037037,25,0,0,119
888,C-3312-3037-A1,3037,Mur,12,43.0,120.0,40,3.7037037037037037,15,0,0,119
889,C-3312-3038-A1,3038,Mur,12,23.125,120.0,65,3.7037037037037037,25,0,0,119
890,C-3312-3039-A8,3039,Coin,12,33.75,120.0,45,3.7037037037037037,10,0,0,120
891,C-3312-3043-A1,3043,Mur,12,17.75,113.875,25,3.5146604938271606,5,0,0,120
987,C-3312-3044-A1,3044,Mur,13,43.0,120.0,25,3.7037037037037037,5,0,0,120
988,C-3312-3045-A1,3045,Mur,13,43.0,120.0,55,3.7037037037037037,25,0,0,120
989,C-3312-3046-A1,3046,Mur,13,43.0,120.0,40,3.7037037037037037,15,0,0,120
990,C-3312-3047-A1,3047,Mur,13,35.375,120.0,25,3.7037037037037037,5,0,0,120
991,C-3312-3048-A1,3048,Mur,13,16.625,120.0,25,3.7037037037037037,5,0,0,120
992,C-3312-3049-A1,3049,Mur,13,43.0,120.0,70,3.7037037037037037,35,0,0,121
993,C-3312-3050-A1,3050,Mur,13,43.0,120.0,25,3.7037037037037037,5,0,0,121
892,C-3312-3052-A1,3052,Mur,12,10.5,120.0,25,3.7037037037037037,5,0,0,121
893,C-3312-3054-A1,3054,Mur,12,45.3125,120.0,85,3.7037037037037037,45,0,0,121
894,C-3312-3056-A1,3056,Mur,12,43.0,120.0,45,3.7037037037037037,10,0,0,121
895,C-3312-3057-A1,3057,Mur,12,26.5,120.0,40,3.7037037037037037,15,0,0,121
896,C-3312-3060-A1,3060,Mur,12,40.8125,120.0,45,3.7037037037037037,10,0,0,121
897,C-3312-3062-A1,3062,Mur,12,16.5,120.0,75,3.7037037037037037,30,0,0,122
898,C-3312-3063-A1,3063,Mur,12,43.0,120.0,60,3.7037037037037037,20,0,0,122
899,C-3312-3064-A1,3064,Mur,12,43.0,120.0,50,3.7037037037037037,15,0,0,122
994,C-3312-3067-A8,3067,Coin,13,33.75,120.0,45,3.7037037037037037,10,0,0,122
900,C-3312-3071-A1,3071,Mur,12,43.0,120.0,110,3.7037037037037037,25,0,0,122
901,C-3312-3072-A1,3072,Mur,12,43.0,120.0,110,3.7037037037037037,25,0,0,122
902,C-3312-3075-A1,3075,Mur,12,22.125,120.0,25,3.7037037037037037,5,0,0,122
903,C-3312-3077-A1,3077,Mur,12,22.25,120.0,25,3.7037037037037037,5,0,0,123
904,C-3312-3078-A8,3078,Coin,12,33.75,120.0,45,3.7037037037037037,10,0,0,123
995,C-3312-3081-A8,3081,Coin,13,33.75,120.0,45,3.7037037037037037,10,0,0,123
996,C-3312-3082-A8,3082,Coin,13,33.75,120.0,45,3.7037037037037037,10,0,0,123
997,C-3312-3083-A1,3083,Mur,13,17.0,120.0,40,3.7037037037037037,15,0,0,123
905,C-3312-3088-A8,3088,Coin,12,33.75,120.0,45,3.7037037037037037,10,0,0,123
906,C-3312-3089-A8,3089,Coin,12,33.75,120.0,45,3.7037037037037037,10,0,0,123
808,C-3312-3091-A49,3091,Retour,11,43.0,114.0,100,3.5185185185185186,5,0,0,124
809,C-3312-3092-A49,3092,Retour,11,43.0,114.0,100,3.5185185185185186,5,0,0,124
810,C-3312-3094-A1,3094,Mur,11,51.875,114.0,70,3.5185185185185186,35,0,0,124
811,C-3312-3096-A1,3096,Mur,11,5.375,114.0,25,3.5185185185185186,5,0,0,124
812,C-3312-3097-A49,3097,Retour,11,43.0,114.0,100,3.5185185185185186,5,0,0,124
813,C-3312-3099-A1,3099,Mur,11,12.0,114.0,40,3.5185185185185186,15,0,0,124
814,C-3312-3103-A49,3103,Retour,11,43.0,114.0,100,3.5185185185185186,5,0,0,124
815,C-3312-3104-A49,3104,Retour,11,43.0,114.0,100,3.5185185185185186,5,0,0,125
816,C-3312-3105-A1,3105,Mur,11,28.875,114.0,60,3.5185185185185186,20,0,0,125
817,C-3312-3106-A1,3106,Mur,11,43.0,114.0,75,3.5185185185185186,30,0,0,125
907,C-3312-3109-A1,3109,Mur,12,28.5,114.0,90,3.5185185185185186,40,0,0,125
908,C-3312-3110-A49,3110,Retour,12,43.0,114.0,100,3.5185185185185186,5,0,0,125
909,C-3312-3111-A49,3111,Retour,12,43.0,114.0,100,3.5185185185185186,5,0,0,125
910,C-3312-3113-A1,3113,Mur,12,28.5,114.0,60,3.5185185185185186,20,0,0,125
911,C-3312-3114-A49,3114,Retour,12,43.0,114.0,100,3.5185185185185186,5,0,0,126
818,C-3312-3115-A1,3115,Mur,11,16.8215,114.0,45,3.5185185185185186,10,0,0,126
819,C-3312-3116-A1,3116,Mur,11,19.875,114.0,75,3.5185185185185186,30,0,0,126
820,C-3312-3119-A1,3119,Mur,11,15.625,114.0,40,3.5185185185185186,15,0,0,126
821,C-3312-3120-A1,3120,Mur,11,43.0,114.0,45,3.5185185185185186,10,0,0,126
822,C-3312-3121-A1,3121,Mur,11,43.0,114.0,45,3.5185185185185186,10,0,0,126
823,C-3312-3122-A1,3122,Mur,11,43.0,114.0,45,3.5185185185185186,10,0,0,126
824,C-3312-3123-A1,3123,Mur,11,43.0,114.0,40,3.5185185185185186,15,0,0,127
825,C-3312-3126-A1,3126,Mur,11,20.8125,114.0,45,3.5185185185185186,10,0,0,127
826,C-3312-3127-A1,3127,Mur,11,43.0,114.0,55,3.5185185185185186,25,0,0,127
827,C-3312-3128-A1,3128,Mur,11,43.0,114.0,45,3.5185185185185186,10,0,0,127
828,C-3312-3129-A1,3129,Mur,11,43.0,114.0,45,3.5185185185185186,10,0,0,127
829,C-3312-3130-A1,3130,Mur,11,14.0625,114.0,60,3.5185185185185186,20,0,0,127
830,C-3312-3134-A1,3134,Mur,11,43.0,114.0,25,3.5185185185185186,5,0,0,127
831,C-3312-3137-A1,3137,Mur,11,43.0,114.0,40,3.5185185185185186,15,0,0,128
832,C-3312-3141-A1,3141,Mur,11,24.3125,114.0,55,3.5185185185185186,25,0,0,128
833,C-3312-3143-A1,3143,Mur,11,16.125,114.0,40,3.5185185185185186,15,0,0,128
834,C-3312-3144-A1,3144,Mur,11,20.75,114.0,25,3.5185185185185186,5,0,0,128
835,C-3312-3145-A1,3145,Mur,11,43.0,114.0,25,3.5185185185185186,5,0,0,128
836,C-3312-3146-A1,3146,Mur,11,43.0,114.0,70,3.5185185185185186,35,0,0,128
837,C-3312-3148-A1,3148,Mur,11,15.25,114.0,70,3.5185185185185186,35,0,0,128
838,C-3312-3150-A1,3150,Mur,11,43.0,114.0,85,3.5185185185185186,45,0,0,129
839,C-3312-3152-A1,3152,Mur,11,43.0,114.0,25,3.5185185185185186,5,0,0,129
840,C-3312-3153-A1,3153,Mur,11,43.0,114.0,25,3.5185185185185186,5,0,0,129
841,C-3312-3154-A1,3154,Mur,11,46.4375,114.0,55,3.5185185185185186,25,0,0,129
842,C-3312-3155-A1,3155,Mur,11,43.0,114.0,55,3.5185185185185186,25,0,0,129
843,C-3312-3156-A1,3156,Mur,11,35.4375,114.0,25,3.5185185185185186,5,0,0,129
998,C-3312-3160-A1,3160,Mur,13,43.0,150.0,55,4.62962962962963,25,0,0,129
999,C-3312-3161-A1,3161,Mur,13,43.0,150.0,40,4.62962962962963,15,0,0,130
1000,C-3312-3162-A1,3162,Mur,13,43.0,150.0,25,4.62962962962963,5,0,0,130
1034,C-3312-3166-A8,3166,Coin,14,33.75,120.0,45,3.7037037037037037,10,0,0,130
1035,C-3312-3169-A1,3169,Mur,14,43.0,150.0,55,4.62962962962963,25,0,0,130
1036,C-3312-3170-A1,3170,Mur,14,43.0,150.0,55,4.62962962962963,25,0,0,130
1037,C-3312-3171-A1,3171,Mur,14,43.0,150.0,40,4.62962962962963,15,0,0,130
1038,C-3312-3176-A1,3176,Mur,14,43.0,150.0,25,4.62962962962963,5,0,0,130
1039,C-3312-3181-A1,3181,Mur,14,43.0,150.0,40,4.62962962962963,15,0,0,131
1040,C-3312-3182-A1,3182,Mur,14,43.0,150.0,40,4.62962962962963,15,0,0,131
1041,C-3312-3183-A1,3183,Mur,14,32.75,150.0,25,4.62962962962963,5,0,0,131
1042,C-3312-3185-A1,3185,Mur,14,21.125,150.0,25,4.62962962962963,5,0,0,131
1043,C-3312-3186-A8,3186,Coin,14,33.75,120.0,45,3.7037037037037037,10,0,0,131
1044,C-3312-3187-A1,3187,Mur,14,37.1875,150.0,25,4.62962962962963,5,0,0,131
1045,C-3312-3187-A8,3187,Coin,14,33.75,120.0,45,3.7037037037037037,10,0,0,131
1046,C-3312-3200-A1,3200,Mur,14,43.0,150.0,85,4.62962962962963,45,0,0,132
1047,C-3312-3201-A1,3201,Mur,14,43.0,150.0,25,4.62962962962963,5,0,0,132
1048,C-3312-3208-A1,3208,Mur,14,15.6875,150.0,40,4.62962962962963,15,0,0,132
1049,C-3312-3213-A8,3213,Coin,14,33.75,120.0,45,3.7037037037037037,10,0,0,132
1050,C-3312-3220-A8,3220,Coin,14,33.75,120.0,45,3.7037037037037037,10,0,0,132
1051,C-3312-3221-A1,3221,Mur,14,28.875,150.0,25,4.62962962962963,5,0,0,132
1052,C-3312-3222-A1,3222,Mur,14,43.0,150.0,55,4.62962962962963,25,0,0,132
1053,C-3312-3223-A1,3223,Mur,14,43.0,150.0,55,4.62962962962963,25,0,0,133
1054,C-3312-3224-A8,3224,Coin,14,33.75,120.0,45,3.7037037037037037,10,0,0,133
1055,C-3312-3225-A1,3225,Mur,14,21.125,150.0,40,4.62962962962963,15,0,0,133
1056,C-3312-3233-A1,3233,Mur,14,43.0,114.0,25,3.5185185185185186,5,0,0,133
1057,C-3312-3234-A1,3234,Mur,14,43.0,114.0,25,3.5185185185185186,5,0,0,133
1058,C-3312-3235-A1,3235,Mur,14,43.0,114.0,40,3.5185185185185186,15,0,0,133
1059,C-3312-3236-A49,3236,Retour,14,43.0,114.0,100,3.5185185185185186,5,0,0,133
1060,C-3312-3237-A49,3237,Retour,14,43.0,114.0,100,3.5185185185185186,5,0,0,134
1061,C-3312-3238-A1,3238,Mur,14,43.0,114.0,25,3.5185185185185186,5,0,0,134
1062,C-3312-3239-A1,3239,Mur,14,43.0,114.0,25,3.5185185185185186,5,0,0,134
1063,C-3312-3240-A49,3240,Retour,14,43.0,114.0,100,3.5185185185185186,5,0,0,134
1064,C-3312-3241-A1,3241,Mur,14,32.5,114.0,25,3.5185185185185186,5,0,0,134
1065,C-3312-3241-A8,3241,Coin,14,33.75,120.0,45,3.7037037037037037,10,0,0,134
1066,C-3312-3242-A1,3242,Mur,14,27.375,114.0,40,3.5185185185185186,15,0,0,134
1067,C-3312-3244-A8,3244,Coin,14,33.75,120.0,45,3.7037037037037037,10,0,0,135
1068,C-3312-3245-A1,3245,Mur,14,43.0,114.0,25,3.5185185185185186,5,0,0,135
1069,C-3312-3246-A1,3246,Mur,14,43.0,114.0,70,3.5185185185185186,35,0,0,135
1070,C-3312-3247-A1,3247,Mur,14,43.0,114.0,25,3.5185185185185186,5,0,0,135
1071,C-3312-3248-A1,3248,Mur,14,43.0,114.0,25,3.5185185185185186,5,0,0,135
1072,C-3312-3249-A1,3249,Mur,14,43.0,114.0,70,3.5185185185185186,35,0,0,135
1073,C-3312-3250-A1,3250,Mur,14,43.0,114.0,25,3.5185185185185186,5,0,0,135
1074,C-3312-3251-A1,3251,Mur,14,43.0,114.0,25,3.5185185185185186,5,0,0,136
1075,C-3312-3252-A49,3252,Retour,14,43.0,114.0,100,3.5185185185185186,5,0,0,136
1076,C-3312-3253-A8,3253,Coin,14,33.75,120.0,45,3.7037037037037037,10,0,0,136
1077,C-3312-3254-A1,3254,Mur,14,43.0,114.0,25,3.5185185185185186,5,0,0,136
1078,C-3312-3255-A1,3255,Mur,14,43.0,114.0,25,3.5185185185185186,5,0,0,136
1079,C-3312-3256-A8,3256,Coin,14,33.75,120.0,45,3.7037037037037037,10,0,0,136
1080,C-3312-3257-A1,3257,Mur,14,21.875,114.0,40,3.5185185185185186,15,0,0,136
1081,C-3312-3259-A1,3259,Mur,14,27.0,114.0,40,3.5185185185185186,15,0,0,137
1082,C-3312-3263-A1,3263,Mur,14,19.5,114.0,25,3.5185185185185186,5,0,0,137
1083,C-3312-3264-A1,3264,Mur,14,5.0,114.0,25,3.5185185185185186,5,0,0,137
844,C-3312-3301-A1,3301,Mur,11,43.0,113.0,20,3.4876543209876543,5,0,0,137
845,C-3312-3301-A112,3301,Plafond,11,43.0,113.0,50,3.4876543209876543,10,0,0,116
846,C-3312-3302-A112,3302,Plafond,11,43.0,113.0,60,3.4876543209876543,25,0,1,116
848,C-3312-3303-A112,3303,Plafond,11,43.0,113.0,50,3.4876543209876543,10,0,0,116
847,C-3312-3303-A1,3303,Mur,11,43.0,113.0,20,3.4876543209876543,5,0,0,137
850,C-3312-3304-A112,3304,Plafond,11,43.0,113.0,50,3.4876543209876543,10,0,0,116
849,C-3312-3304-A1,3304,Mur,11,43.0,113.0,20,3.4876543209876543,5,0,0,137
851,C-3312-3305-A112,3305,Plafond,11,43.0,113.0,50,3.4876543209876543,10,0,0,116
852,C-3312-3306-A112,3306,Plafond,11,43.0,113.0,60,3.4876543209876543,25,0,1,138
853,C-3312-3307-A112,3307,Plafond,11,43.0,113.0,50,3.4876543209876543,10,0,0,138
854,C-3312-3308-A112,3308,Plafond,11,43.0,113.0,50,3.4876543209876543,10,0,0,138
855,C-3312-3309-A112,3309,Plafond,11,43.0,113.0,50,3.4876543209876543,10,0,0,138
856,C-3312-3310-A112,3310,Plafond,11,43.0,113.0,60,3.4876543209876543,25,0,1,138
857,C-3312-3311-A112,3311,Plafond,11,43.0,113.0,50,3.4876543209876543,10,0,0,138
858,C-3312-3312-A112,3312,Plafond,11,43.0,113.0,50,3.4876543209876543,10,0,0,138
859,C-3312-3313-A112,3313,Plafond,11,43.0,113.0,50,3.4876543209876543,10,0,0,139
860,C-3312-3314-A112,3314,Plafond,11,43.0,113.0,60,3.4876543209876543,25,0,1,139
861,C-3312-3315-A112,3315,Plafond,11,43.0,113.0,50,3.4876543209876543,10,0,0,139
862,C-3312-3316-A112,3316,Plafond,11,43.0,113.0,50,3.4876543209876543,10,0,0,139
863,C-3312-3317-A112,3317,Plafond,11,43.0,113.0,50,3.4876543209876543,10,0,0,139
864,C-3312-3318-A112,3318,Plafond,11,43.0,113.0,60,3.4876543209876543,25,0,1,139
865,C-3312-3319-A1,3319,Mur,11,38.8125,113.0,20,3.4876543209876543,5,0,0,137
866,C-3312-3319-A112,3319,Plafond,11,36.8125,113.0,50,3.4876543209876543,10,0,0,139
912,C-3312-3320-A1,3320,Mur,12,13.5625,88.25,20,2.7237654320987654,5,0,0,140
913,C-3312-3320-A112,3320,Plafond,12,13.5625,88.25,20,2.7237654320987654,5,0,0,141
914,C-3312-3321-A112,3321,Plafond,12,43.0,88.25,60,2.7237654320987654,25,0,1,141
916,C-3312-3322-A112,3322,Plafond,12,43.0,88.25,50,2.7237654320987654,10,0,0,141
915,C-3312-3322-A1,3322,Mur,12,43.0,88.25,20,2.7237654320987654,5,0,0,140
917,C-3312-3323-A112,3323,Plafond,12,43.0,88.25,60,2.7237654320987654,25,0,1,141
918,C-3312-3324-A1,3324,Mur,12,43.0,88.25,20,2.7237654320987654,5,0,0,140
919,C-3312-3324-A112,3324,Plafond,12,43.0,88.25,50,2.7237654320987654,10,0,0,141
920,C-3312-3325-A1,3325,Mur,12,13.5625,75.3125,20,2.32445987654321,5,0,0,140
921,C-3312-3325-A112,3325,Plafond,12,12.625,75.0,20,2.314814814814815,5,0,0,141
922,C-3312-3326-A1,3326,Mur,12,43.0,75.3125,20,2.32445987654321,5,0,0,140
923,C-3312-3326-A112,3326,Plafond,12,43.0,75.0,50,2.314814814814815,10,0,0,141
924,C-3312-3327-A112,3327,Plafond,12,43.0,75.0,60,2.314814814814815,25,0,1,142
925,C-3312-3328-A112,3328,Plafond,12,43.0,75.0,50,2.314814814814815,10,0,0,142
926,C-3312-3329-A112,3329,Plafond,12,43.0,75.1875,60,2.320601851851852,25,0,1,142
927,C-3312-3330-A1,3330,Mur,12,36.4375,72.5,25,2.2376543209876543,5,0,0,140
928,C-3312-3330-A112,3330,Plafond,12,36.4375,72.5,50,2.2376543209876543,10,0,0,142
930,C-3312-3331-A112,3331,Plafond,12,13.5625,123.0,20,3.7962962962962963,5,0,0,142
929,C-3312-3331-A1,3331,Mur,12,13.5625,123.3125,20,3.8059413580246915,5,0,0,140
932,C-3312-3332-A112,3332,Plafond,12,43.0,123.0,50,3.7962962962962963,10,0,0,142
931,C-3312-3332-A1,3332,Mur,12,43.0,123.3125,25,3.8059413580246915,5,0,0,143
933,C-3312-3333-A112,3333,Plafond,12,43.0,123.0,60,3.7962962962962963,25,0,1,142
934,C-3312-3334-A1,3334,Mur,12,43.0,123.3125,20,3.8059413580246915,5,0,0,143
935,C-3312-3334-A112,3334,Plafond,12,43.0,123.0,50,3.7962962962962963,10,0,0,144
936,C-3312-3335-A112,3335,Plafond,12,43.0,123.0,60,3.7962962962962963,25,0,1,144
1001,C-3312-3336-A112,3336,Plafond,13,36.0,64.8125,60,2.000385802469136,25,0,1,144
1002,C-3312-3337-A112,3337,Plafond,13,30.375,64.8125,50,2.000385802469136,10,0,0,144
1003,C-3312-3338-A112,3338,Plafond,13,38.0,64.8125,60,2.000385802469136,25,0,1,144
1004,C-3312-3339-A112,3339,Plafond,13,48.0,104.375,60,3.2214506172839505,25,0,1,144
1005,C-3312-3340-A1,3340,Mur,13,43.0,104.375,20,3.2214506172839505,5,0,0,143
1006,C-3312-3340-A112,3340,Plafond,13,43.0,104.375,50,3.2214506172839505,10,0,0,144
1007,C-3312-3341-A112,3341,Plafond,13,43.0,104.375,60,3.2214506172839505,25,0,1,145
1008,C-3312-3342-A112,3342,Plafond,13,43.0,104.375,50,3.2214506172839505,10,0,0,145
1009,C-3312-3343-A112,3343,Plafond,13,43.0,104.375,50,3.2214506172839505,10,0,0,145
1010,C-3312-3344-A112,3344,Plafond,13,43.0,104.375,60,3.2214506172839505,25,0,1,145
1011,C-3312-3345-A112,3345,Plafond,13,8.3125,104.375,50,3.2214506172839505,10,0,0,145
1012,C-3312-3346-A112,3346,Plafond,13,37.125,151.0625,60,4.662422839506173,25,0,1,145
1013,C-3312-3347-A112,3347,Plafond,13,43.0,151.0625,50,4.662422839506173,10,0,0,145
1014,C-3312-3348-A112,3348,Plafond,13,43.0,151.0625,60,4.662422839506173,25,0,1,146
1015,C-3312-3349-A1,3349,Mur,13,43.0,151.0625,65,4.662422839506173,5,0,0,143
1016,C-3312-3349-A112,3349,Plafond,13,43.0,151.0625,50,4.662422839506173,10,0,0,146
1017,C-3312-3350-A112,3350,Plafond,13,48.9375,116.25,60,3.5879629629629632,25,0,1,146
1018,C-3312-3351-A112,3351,Plafond,13,48.9375,49.875,60,1.5393518518518519,25,0,1,146
938,C-3312-3352-A112,3352,Plafond,12,29.3125,72.0,50,2.2222222222222223,10,0,0,146
937,C-3312-3352-A1,3352,Mur,12,29.3125,72.0,20,2.2222222222222223,5,0,0,143
939,C-3312-3353-A112,3353,Plafond,12,43.0,72.0,60,2.2222222222222223,25,0,1,146
940,C-3312-3354-A1,3354,Mur,12,43.0,72.0,20,2.2222222222222223,5,0,0,143
941,C-3312-3354-A112,3354,Plafond,12,43.0,72.0,50,2.2222222222222223,10,0,0,146
942,C-3312-3355-A112,3355,Plafond,12,43.0,72.0,60,2.2222222222222223,25,0,1,147
943,C-3312-3356-A112,3356,Plafond,12,43.0,108.25,60,3.3410493827160495,25,0,1,147
944,C-3312-3357-A1,3357,Mur,12,43.0,108.25,20,3.3410493827160495,5,0,0,143
945,C-3312-3357-A112,3357,Plafond,12,43.0,108.25,50,3.3410493827160495,10,0,0,147
946,C-3312-3358-A112,3358,Plafond,12,43.0,108.25,60,3.3410493827160495,25,0,1,147
948,C-3312-3359-A112,3359,Plafond,12,43.0,108.25,50,3.3410493827160495,10,0,0,147
947,C-3312-3359-A1,3359,Mur,12,43.0,108.25,20,3.3410493827160495,5,0,0,148
949,C-3312-3360-A112,3360,Plafond,12,43.0,108.25,60,3.3410493827160495,25,0,1,147
951,C-3312-3361-A112,3361,Plafond,12,22.0,108.25,20,3.3410493827160495,5,0,0,147
950,C-3312-3361-A1,3361,Mur,12,22.0,108.25,20,3.3410493827160495,5,0,0,148
952,C-3312-3362-A112,3362,Plafond,12,43.0,44.5625,60,1.3753858024691359,25,0,1,149
953,C-3312-3363-A1,3363,Mur,12,43.0,44.5625,20,1.3753858024691359,5,0,0,148
954,C-3312-3363-A112,3363,Plafond,12,43.0,44.5625,50,1.3753858024691359,10,0,0,149
955,C-3312-3364-A112,3364,Plafond,12,43.0,44.5625,50,1.3753858024691359,10,0,0,149
956,C-3312-3365-A1,3365,Mur,12,43.0,44.5625,20,1.3753858024691359,5,0,0,148
957,C-3312-3365-A112,3365,Plafond,12,43.0,44.5625,50,1.3753858024691359,10,0,0,149
958,C-3312-3366-A112,3366,Plafond,12,43.0,44.5625,60,1.3753858024691359,25,0,1,149
959,C-3312-3367-A1,3367,Mur,12,43.0,44.5625,20,1.3753858024691359,5,0,0,148
960,C-3312-3367-A112,3367,Plafond,12,22.0,44.5625,20,1.3753858024691359,5,0,0,149
961,C-3312-3368-A1,3368,Mur,12,39.75,117.3125,25,3.6207561728395063,5,0,0,148
962,C-3312-3368-A112,3368,Plafond,12,39.75,117.0,50,3.611111111111111,10,0,0,149
963,C-3312-3369-A112,3369,Plafond,12,43.0,117.0,60,3.611111111111111,25,0,1,150
964,C-3312-3370-A112,3370,Plafond,12,43.0,117.0,50,3.611111111111111,10,0,0,150
965,C-3312-3371-A112,3371,Plafond,12,43.0,117.0,60,3.611111111111111,25,0,1,150
966,C-3312-3372-A112,3372,Plafond,12,43.0,117.0,50,3.611111111111111,10,0,0,150
968,C-3312-3373-A112,3373,Plafond,12,29.0,103.875,50,3.2060185185185186,10,0,0,150
967,C-3312-3373-A1,3373,Mur,12,29.0,99.875,25,3.0825617283950617,5,0,0,148
970,C-3312-3374-A112,3374,Plafond,12,24.125,28.625,20,0.8834876543209877,5,0,0,150
969,C-3312-3374-A1,3374,Mur,12,24.125,29.0,25,0.8950617283950618,5,0,0,151
1019,C-3312-3375-A1,3375,Mur,13,36.25,56.125,20,1.7322530864197532,5,0,0,151
1020,C-3312-3375-A112,3375,Plafond,13,36.25,56.125,50,1.7322530864197532,10,0,0,150
1021,C-3312-3376-A1,3376,Mur,13,28.5,120.0625,25,3.705632716049383,5,0,0,151
1022,C-3312-3376-A112,3376,Plafond,13,28.5,119.75,50,3.6959876543209877,10,0,0,152
1023,C-3312-3377-A112,3377,Plafond,13,43.0,119.75,60,3.6959876543209877,25,0,1,152
1024,C-3312-3378-A1,3378,Mur,13,43.0,120.0625,20,3.705632716049383,5,0,0,151
1025,C-3312-3378-A112,3378,Plafond,13,43.0,119.75,50,3.6959876543209877,10,0,0,152
1026,C-3312-3379-A112,3379,Plafond,13,43.0,119.75,60,3.6959876543209877,25,0,1,152
1027,C-3312-3380-A112,3380,Plafond,13,28.5,116.25,50,3.5879629629629632,10,0,0,152
1028,C-3312-3381-A112,3381,Plafond,13,41.125,116.25,60,3.5879629629629632,25,0,1,152
1029,C-3312-3382-A112,3382,Plafond,13,29.125,116.25,50,3.5879629629629632,10,0,0,152
1030,C-3312-3383-A112,3383,Plafond,13,29.125,116.25,50,3.5879629629629632,10,0,0,153
1031,C-3312-3384-A112,3384,Plafond,13,29.625,116.25,50,3.5879629629629632,10,0,0,153
867,C-3312-3385-A1,3385,Mur,11,31.0,96.9375,20,2.9918981481481484,5,0,0,151
868,C-3312-3385-A112,3385,Plafond,11,31.0,96.9375,50,2.9918981481481484,10,0,0,153
869,C-3312-3386-A112,3386,Plafond,11,43.0,96.9375,60,2.9918981481481484,25,0,1,153
870,C-3312-3387-A1,3387,Mur,11,43.0,96.9375,20,2.9918981481481484,5,0,0,151
871,C-3312-3387-A112,3387,Plafond,11,43.0,96.9375,50,2.9918981481481484,10,0,0,153
872,C-3312-3388-A112,3388,Plafond,11,43.0,96.9375,60,2.9918981481481484,25,0,1,153
873,C-3312-3389-A1,3389,Mur,11,43.0,96.9375,20,2.9918981481481484,5,0,0,151
874,C-3312-3389-A112,3389,Plafond,11,43.0,96.9375,50,2.9918981481481484,10,0,0,153
875,C-3312-3390-A112,3390,Plafond,11,43.0,96.9375,60,2.9918981481481484,25,0,1,154
876,C-3312-3391-A112,3391,Plafond,11,48.1875,61.0,60,1.8827160493827162,25,0,1,154
877,C-3312-3392-A1,3392,Mur,11,24.0625,80.1875,25,2.474922839506173,5,0,0,155
878,C-3312-3392-A112,3392,Plafond,11,24.0625,80.1875,20,2.474922839506173,5,0,0,154
879,C-3312-3393-A112,3393,Plafond,11,43.0,80.1875,60,2.474922839506173,25,0,1,154
880,C-3312-3394-A112,3394,Plafond,11,43.0,80.1875,50,2.474922839506173,10,0,0,154
881,C-3312-3395-A112,3395,Plafond,11,43.0,80.1875,60,2.474922839506173,25,0,1,154
882,C-3312-3396-A112,3396,Plafond,11,43.0,80.1875,60,2.474922839506173,25,0,1,154
883,C-3312-3397-A112,3397,Plafond,11,43.0,80.1875,50,2.474922839506173,10,0,0,156
884,C-3312-3398-A112,3398,Plafond,11,43.0,116.125,60,3.5841049382716053,25,0,1,156
885,C-3312-3399-A112,3399,Plafond,11,12.125,116.125,20,3.5841049382716053,5,0,0,156
1084,C-3312-3400-A1,3400,Mur,14,34.75,126.625,20,3.908179012345679,5,0,0,155
1085,C-3312-3400-A112,3400,Plafond,14,36.625,126.625,50,3.908179012345679,10,0,0,156
1086,C-3312-3401-A112,3401,Plafond,14,43.0,126.625,60,3.908179012345679,25,0,1,156
1087,C-3312-3402-A1,3402,Mur,14,43.0,126.625,20,3.908179012345679,5,0,0,155
1088,C-3312-3402-A112,3402,Plafond,14,43.0,126.625,50,3.908179012345679,10,0,0,156
1089,C-3312-3403-A112,3403,Plafond,14,36.625,126.625,60,3.908179012345679,25,0,1,156
1090,C-3312-3404-A1,3404,Mur,14,43.0,126.625,20,3.908179012345679,5,0,0,155
1091,C-3312-3404-A112,3404,Plafond,14,43.0,126.625,50,3.908179012345679,10,0,0,157
1092,C-3312-3405-A112,3405,Plafond,14,43.0,126.625,60,3.908179012345679,25,0,1,157
1093,C-3312-3406-A1,3406,Mur,14,43.0,126.625,20,3.908179012345679,5,0,0,155
1094,C-3312-3406-A112,3406,Plafond,14,43.0,126.625,50,3.908179012345679,10,0,0,157
1095,C-3312-3407-A1,3407,Mur,14,43.0,126.625,20,3.908179012345679,5,0,0,155
1096,C-3312-3407-A112,3407,Plafond,14,43.0,126.625,60,3.908179012345679,25,0,1,157
1098,C-3312-3408-A112,3408,Plafond,14,43.0,126.625,50,3.908179012345679,10,0,0,157
1097,C-3312-3408-A1,3408,Mur,14,43.0,126.625,20,3.908179012345679,5,0,0,155
1033,C-3312-3409-A112,3409,Plafond,13,13.0,36.25,20,1.1188271604938271,5,0,0,157
1032,C-3312-3409-A1,3409,Mur,13,13.0,36.25,20,1.1188271604938271,5,0,0,158
